district,division,mandal
ADILABAD,ADILABAD RURAL,ADILABAD (RURAL)
ADILABAD,ADILABAD RURAL,ADILABAD (URBAN)
ADILABAD,ADILABAD RURAL,BELA
ADILABAD,ADILABAD RURAL,Bhoraj
ADILABAD,ADILABAD RURAL,JAINAD
ADILABAD,ADILABAD RURAL,MAVALA
ADILABAD,ADILABAD RURAL,Satnala
ADILABAD,BOATH,BAZARHATHNOOR
ADILABAD,BOATH,BOATH
ADILABAD,BOATH,NERADIGONDA
ADILABAD,BOATH,Sonala
ADILABAD,ICHODA,GUDI HATHNUR
ADILABAD,ICHODA,ICHODA
ADILABAD,ICHODA,SIRIKONDA
ADILABAD,TAMSI,BHEEMPUR
ADILABAD,TAMSI,TALAMADUGU
ADILABAD,TAMSI,TAMSI
ADILABAD,UTNUR,GADIGUDA
ADILABAD,UTNUR,INDERAVELLY
ADILABAD,UTNUR,NARNOOR
ADILABAD,UTNUR,UTNUR
BHADRADRI KOTHAGUDEM,ASWARAOPETA,ANNAPUREDDYPALLI
BHADRADRI KOTHAGUDEM,ASWARAOPETA,ASWARAOPETA
BHADRADRI KOTHAGUDEM,ASWARAOPETA,CHANDRUGONDA
BHADRADRI KOTHAGUDEM,ASWARAOPETA,DAMMAPETA
BHADRADRI KOTHAGUDEM,ASWARAOPETA,MULAKALAPALLE
BHADRADRI KOTHAGUDEM,BHADRACHALAM,BHADRACHALAM
BHADRADRI KOTHAGUDEM,BHADRACHALAM,CHERLA
BHADRADRI KOTHAGUDEM,BHADRACHALAM,DUMMAGUDEM
BHADRADRI KOTHAGUDEM,KOTHAGUDEM,CHUNCHUPALLY
BHADRADRI KOTHAGUDEM,KOTHAGUDEM,JULURPAD
BHADRADRI KOTHAGUDEM,KOTHAGUDEM,KOTHAGUDEM
BHADRADRI KOTHAGUDEM,KOTHAGUDEM,LAXMIDEVIPALLY
BHADRADRI KOTHAGUDEM,KOTHAGUDEM,PALWANCHA
BHADRADRI KOTHAGUDEM,KOTHAGUDEM,SUJATHANAGAR
BHADRADRI KOTHAGUDEM,MANUGURU,ALLAPALLI
BHADRADRI KOTHAGUDEM,MANUGURU,ASWAPURAM
BHADRADRI KOTHAGUDEM,MANUGURU,BURGAMPADU
BHADRADRI KOTHAGUDEM,MANUGURU,GUNDALA
BHADRADRI KOTHAGUDEM,MANUGURU,KARAKAGUDEM
BHADRADRI KOTHAGUDEM,MANUGURU,MANUGURU
BHADRADRI KOTHAGUDEM,MANUGURU,PINAPAKA
BHADRADRI KOTHAGUDEM,YELLANDU,TEKULAPALLE
BHADRADRI KOTHAGUDEM,YELLANDU,YELLANDU
HANMAKONDA,HANAMKONDA,BHEEMADEVARPALLE
HANMAKONDA,HANAMKONDA,DHARMASAGAR
HANMAKONDA,HANAMKONDA,ELKATHURTHI
HANMAKONDA,HANAMKONDA,HANAMKONDA
HANMAKONDA,HANAMKONDA,HASANPARTHY
HANMAKONDA,HANAMKONDA,INAVOLU
HANMAKONDA,HANAMKONDA,KAMALAPUR
HANMAKONDA,HANAMKONDA,KHAZIPET
HANMAKONDA,HANAMKONDA,VELAIR
HANMAKONDA,PARKAL,ATMAKUR
HANMAKONDA,PARKAL,DAMERA
HANMAKONDA,PARKAL,Nadikuda
HANMAKONDA,PARKAL,PARKAL
HANMAKONDA,PARKAL,SHAYAMPET
JAGTIAL,DHARMAPURI,BUGGARAM
JAGTIAL,DHARMAPURI,DHARMAPURI
JAGTIAL,DHARMAPURI,Endapalli
JAGTIAL,DHARMAPURI,GOLLAPALLE
JAGTIAL,DHARMAPURI,PEGADAPALLE
JAGTIAL,DHARMAPURI,VELGATOOR
JAGTIAL,JAGTIAL,BEERPUR
JAGTIAL,JAGTIAL,Bheemaram
JAGTIAL,JAGTIAL,JAGTIAL
JAGTIAL,JAGTIAL,JAGTIAL RURAL
JAGTIAL,JAGTIAL,KODIMIAL
JAGTIAL,JAGTIAL,MALLIAL
JAGTIAL,JAGTIAL,MEDIPALLE
JAGTIAL,JAGTIAL,RAIKAL
JAGTIAL,JAGTIAL,SARANGAPUR
JAGTIAL,KORUTLA,IBRAHIMPATNAM
JAGTIAL,KORUTLA,KATHLAPUR
JAGTIAL,KORUTLA,KORUTLA
JAGTIAL,KORUTLA,MALLAPUR
JAGTIAL,KORUTLA,METPALLI
JANGOAN,GHANPURSTN,CHILPUR
JANGOAN,GHANPURSTN,GHANPUR(STN)
JANGOAN,GHANPURSTN,LINGALA GHANPUR
JANGOAN,GHANPURSTN,RAGHUNATHA PALLE
JANGOAN,GHANPURSTN,ZAFFERGADH
JANGOAN,JANGAON,BACHANNAPETA
JANGOAN,JANGAON,JANGAON
JANGOAN,JANGAON,NARMETTA
JANGOAN,JANGAON,THARIGOPPULA
JANGOAN,PALAKURTHI,DEVARUPPULA
JANGOAN,PALAKURTHI,KODAKANDLA
JANGOAN,PALAKURTHI,PALAKURTHI
JAYASHANKAR BHUPALPALLI,BHUPALPALLY,BHUPALPALLY
JAYASHANKAR BHUPALPALLI,BHUPALPALLY,CHITYAL
JAYASHANKAR BHUPALPALLI,BHUPALPALLY,GHANAPUR MULUG
JAYASHANKAR BHUPALPALLI,BHUPALPALLY,Kothapallegori
JAYASHANKAR BHUPALPALLI,BHUPALPALLY,MOGULLAPALLE
JAYASHANKAR BHUPALPALLI,BHUPALPALLY,REGONDA
JAYASHANKAR BHUPALPALLI,BHUPALPALLY,TEKUMATLA
JAYASHANKAR BHUPALPALLI,MAHADEVPUR,KATARAM
JAYASHANKAR BHUPALPALLI,MAHADEVPUR,MAHADEVPUR
JAYASHANKAR BHUPALPALLI,MAHADEVPUR,MALHARRAO
JAYASHANKAR BHUPALPALLI,MAHADEVPUR,MUTHARAM MAHADEVPUR
JAYASHANKAR BHUPALPALLI,MAHADEVPUR,PALIMELA
JOGULAMBA GADWAL,ALAMPUR,ALAMPUR
JOGULAMBA GADWAL,ALAMPUR,ITIKYALA
JOGULAMBA GADWAL,ALAMPUR,MANOPAD
JOGULAMBA GADWAL,ALAMPUR,UNDAVELLY
JOGULAMBA GADWAL,ALAMPUR,Yerravalli
JOGULAMBA GADWAL,GADWAL,DHAROOR
JOGULAMBA GADWAL,GADWAL,GADWAL
JOGULAMBA GADWAL,GADWAL,KALOOR TIMMANADODDI
JOGULAMBA GADWAL,GADWAL,MALDAKAL
JOGULAMBA GADWAL,IEEJA,GHATTU
JOGULAMBA GADWAL,IEEJA,IEEJA
JOGULAMBA GADWAL,IEEJA,RAJOLI
JOGULAMBA GADWAL,IEEJA,WADDEPALLE
KAMAREDDY,BANSWADA,BANSWADA
KAMAREDDY,BANSWADA,BIRKUR
KAMAREDDY,BANSWADA,NASRULLABAD
KAMAREDDY,BICHKUNDA,BICHKUNDA
KAMAREDDY,BICHKUNDA,Dongli
KAMAREDDY,BICHKUNDA,JUKKAL
KAMAREDDY,BICHKUNDA,MADNOOR
KAMAREDDY,BICHKUNDA,Mohammadnagar
KAMAREDDY,BICHKUNDA,NIZAMSAGAR
KAMAREDDY,BICHKUNDA,PEDDA KODAPGAL
KAMAREDDY,BICHKUNDA,PITLAM
KAMAREDDY,KAMAREDDY,BHIKNOOR
KAMAREDDY,KAMAREDDY,BIBIPET
KAMAREDDY,KAMAREDDY,DOMAKONDA
KAMAREDDY,KAMAREDDY,KAMAREDDY
KAMAREDDY,KAMAREDDY,MACHAREDDY
KAMAREDDY,KAMAREDDY,Palvancha
KAMAREDDY,KAMAREDDY,RAJAMPET
KAMAREDDY,YELLAREDDY,GANDHARI
KAMAREDDY,YELLAREDDY,LINGAMPET
KAMAREDDY,YELLAREDDY,NAGIREDDYPET
KAMAREDDY,YELLAREDDY,RAMAREDDY
KAMAREDDY,YELLAREDDY,SADASIVANAGAR
KAMAREDDY,YELLAREDDY,TADWAI
KAMAREDDY,YELLAREDDY,YELLAREDDY
KARIMNAGAR,CHOPPADANDI,CHOPPADANDI
KARIMNAGAR,CHOPPADANDI,GANGADHARA
KARIMNAGAR,CHOPPADANDI,RAMADUGU
KARIMNAGAR,HUZURABAD,ELLANDAKUNTA
KARIMNAGAR,HUZURABAD,HUZURABAD
KARIMNAGAR,HUZURABAD,JAMMIKUNTA
KARIMNAGAR,HUZURABAD,V.SAIDAPUR
KARIMNAGAR,HUZURABAD,VEENAVANKA
KARIMNAGAR,KARIMNAGAR,KARIMNAGAR
KARIMNAGAR,KARIMNAGAR,KARIMNAGAR RURAL
KARIMNAGAR,KARIMNAGAR,KOTHAPALLY
KARIMNAGAR,MANAKONDUR,CHIGURUMAMIDI
KARIMNAGAR,MANAKONDUR,GANNERUVARAM
KARIMNAGAR,MANAKONDUR,MANAKONDUR
KARIMNAGAR,MANAKONDUR,SHANKARAPATNAM
KARIMNAGAR,MANAKONDUR,THIMMAPUR
KHAMMAM,KHAMMAM URBAN,KAMEPALLE
KHAMMAM,KHAMMAM URBAN,KHAMMAM URBAN
KHAMMAM,KHAMMAM URBAN,RAGHUNADHAPALEM
KHAMMAM,KUSUMANCHI,KHAMMAM RURAL
KHAMMAM,KUSUMANCHI,KUSUMANCHI
KHAMMAM,KUSUMANCHI,NELAKONDAPALLE
KHAMMAM,KUSUMANCHI,THIRUMALAYAPALEM
KHAMMAM,MADHIRA,BONAKAL
KHAMMAM,MADHIRA,CHINTHAKANI
KHAMMAM,MADHIRA,MADHIRA
KHAMMAM,MADHIRA,MUDIGONDA
KHAMMAM,MADHIRA,YERRUPALEM
KHAMMAM,SATHUPALLE,KALLUR
KHAMMAM,SATHUPALLE,PENUBALLI
KHAMMAM,SATHUPALLE,SATHUPALLE
KHAMMAM,SATHUPALLE,THALLADA
KHAMMAM,SATHUPALLE,VEMSOOR
KHAMMAM,WYRA,ENKOOR
KHAMMAM,WYRA,KONIJERLA
KHAMMAM,WYRA,SINGARENI
KHAMMAM,WYRA,WYRA
KUMURAM BHEEM ASIFABAD,ASIFABAD,ASIFABAD
KUMURAM BHEEM ASIFABAD,ASIFABAD,REBBENA
KUMURAM BHEEM ASIFABAD,ASIFABAD,TIRYANI
KUMURAM BHEEM ASIFABAD,ASIFABAD,WANKDI
KUMURAM BHEEM ASIFABAD,KAGAZ NAGAR,KAGAZ NAGAR
KUMURAM BHEEM ASIFABAD,KAGAZ NAGAR,KOUTHALA
KUMURAM BHEEM ASIFABAD,KAGAZ NAGAR,SIRPUR (T)
KUMURAM BHEEM ASIFABAD,PENCHIKALPET,BEJJUR
KUMURAM BHEEM ASIFABAD,PENCHIKALPET,CHINTALA MANEPALLY
KUMURAM BHEEM ASIFABAD,PENCHIKALPET,DAHEGAON
KUMURAM BHEEM ASIFABAD,PENCHIKALPET,PENCHIKALPET
KUMURAM BHEEM ASIFABAD,SIRPUR U,JAINOOR
KUMURAM BHEEM ASIFABAD,SIRPUR U,KERAMERI
KUMURAM BHEEM ASIFABAD,SIRPUR U,LINGAPUR
KUMURAM BHEEM ASIFABAD,SIRPUR U,SIRPUR (U)
MAHABUBABAD,MAHABUBABAD,BAYYARAM
MAHABUBABAD,MAHABUBABAD,GANGARAM
MAHABUBABAD,MAHABUBABAD,GARLA
MAHABUBABAD,MAHABUBABAD,GUDUR
MAHABUBABAD,MAHABUBABAD,Inugurthy
MAHABUBABAD,MAHABUBABAD,KESAMUDRAM
MAHABUBABAD,MAHABUBABAD,KOTHAGUDA
MAHABUBABAD,MAHABUBABAD,MAHABUBABAD
MAHABUBABAD,MAHABUBABAD,NELLIKUDUR
MAHABUBABAD,MARIPEDA,CHINNAGUDUR
MAHABUBABAD,MARIPEDA,DANTHALAPALLE
MAHABUBABAD,MARIPEDA,DORNAKAL
MAHABUBABAD,MARIPEDA,KURAVI
MAHABUBABAD,MARIPEDA,MARIPEDA
MAHABUBABAD,MARIPEDA,NARSIMHULAPET
MAHABUBABAD,MARIPEDA,PEDDAVANGARA
MAHABUBABAD,MARIPEDA,Seerole
MAHABUBABAD,MARIPEDA,THORRUR
MAHABUBNAGAR,DEVARKADARA,ADDAKAL
MAHABUBNAGAR,DEVARKADARA,BHOOTHPUR
MAHABUBNAGAR,DEVARKADARA,CHINNA CHINTHA KUNTA
MAHABUBNAGAR,DEVARKADARA,DEVARKADARA
MAHABUBNAGAR,DEVARKADARA,Koukuntla
MAHABUBNAGAR,DEVARKADARA,MOOSAPET
MAHABUBNAGAR,JADCHERLA,BALANGAR
MAHABUBNAGAR,JADCHERLA,JADCHERLA
MAHABUBNAGAR,JADCHERLA,MIDJIL
MAHABUBNAGAR,JADCHERLA,NAWABPET
MAHABUBNAGAR,JADCHERLA,RAJAPUR
MAHABUBNAGAR,MAHABUBNAGAR RURAL,GANDEED
MAHABUBNAGAR,MAHABUBNAGAR RURAL,HANWADA
MAHABUBNAGAR,MAHABUBNAGAR RURAL,KOILKONDA
MAHABUBNAGAR,MAHABUBNAGAR RURAL,MAHABUBANAGAR (URBAN)
MAHABUBNAGAR,MAHABUBNAGAR RURAL,MAHABUBNAGAR RURAL
MAHABUBNAGAR,MAHABUBNAGAR RURAL,Mohammadabad
MANCHERIAL,BELLAMPALLE,BELLAMPALLE
MANCHERIAL,BELLAMPALLE,KASIPET
MANCHERIAL,BELLAMPALLE,TANDUR
MANCHERIAL,BHEEMINI,BHEEMINI
MANCHERIAL,BHEEMINI,KANNEPALLI
MANCHERIAL,BHEEMINI,NENNEL
MANCHERIAL,BHEEMINI,VEMANPALLE
MANCHERIAL,CHENNUR,BHEEMARAM
MANCHERIAL,CHENNUR,CHENNUR
MANCHERIAL,CHENNUR,JAIPUR
MANCHERIAL,CHENNUR,KOTAPALLE
MANCHERIAL,CHENNUR,MANDAMARRI
MANCHERIAL,MANCHERIAL,DANDEPALLE
MANCHERIAL,MANCHERIAL,HAJIPUR
MANCHERIAL,MANCHERIAL,JANNARAM
MANCHERIAL,MANCHERIAL,LUXETTIPET
MANCHERIAL,MANCHERIAL,MANCHERIAL
MANCHERIAL,MANCHERIAL,NASPUR
MEDAK,KOWDIPALLE,CHILIPCHED
MEDAK,KOWDIPALLE,KOWDIPALLE
MEDAK,KOWDIPALLE,KULCHARAM
MEDAK,KOWDIPALLE,Masaipet
MEDAK,KOWDIPALLE,YELDURTHY
MEDAK,MEDAK,HAVELI GHANPUR
MEDAK,MEDAK,MEDAK
MEDAK,MEDAK,PAPANNAPET
MEDAK,MEDAK,SHANKARAMPET(R)
MEDAK,NARSAPUR,MANOHARABAD
MEDAK,NARSAPUR,NARSAPUR
MEDAK,NARSAPUR,SHIVAMPET
MEDAK,NARSAPUR,TOOPRAN
MEDAK,RAMAYAMPET,ALLADURG
MEDAK,RAMAYAMPET,CHEGUNTA
MEDAK,RAMAYAMPET,NARSINGI
MEDAK,RAMAYAMPET,NIZAMPET
MEDAK,RAMAYAMPET,RAMAYAMPET
MEDAK,RAMAYAMPET,REGODE
MEDAK,RAMAYAMPET,SHANKARAMPET(A)
MEDAK,RAMAYAMPET,TEKMAL
MEDCHAL-MALKAJIGIRI,MALKAJGIRI,ALWAL
MEDCHAL-MALKAJIGIRI,MALKAJGIRI,BACHUPALLY
MEDCHAL-MALKAJIGIRI,MALKAJGIRI,BALANAGAR
MEDCHAL-MALKAJIGIRI,MALKAJGIRI,GANDIMAISAMMA DUNDIGAL
MEDCHAL-MALKAJIGIRI,MALKAJGIRI,KUKATPALLY
MEDCHAL-MALKAJIGIRI,MALKAJGIRI,MALKAJGIRI
MEDCHAL-MALKAJIGIRI,MALKAJGIRI,QUTHBULLAPUR
MEDCHAL-MALKAJIGIRI,MALKAJGIRI,UPPAL
MEDCHAL-MALKAJIGIRI,MEDCHAL,GHATKESAR
MEDCHAL-MALKAJIGIRI,MEDCHAL,KAPRA
MEDCHAL-MALKAJIGIRI,MEDCHAL,KEESARA
MEDCHAL-MALKAJIGIRI,MEDCHAL,MEDCHAL
MEDCHAL-MALKAJIGIRI,MEDCHAL,MEDIPALLY
MEDCHAL-MALKAJIGIRI,MEDCHAL,Muduchinthalapally
MEDCHAL-MALKAJIGIRI,MEDCHAL,SHAMIRPET
MULUG,ETURNAGARAM,ETURNAGARAM
MULUG,ETURNAGARAM,GOVINDARAOPET
MULUG,ETURNAGARAM,KANNAIGUDEM
MULUG,ETURNAGARAM,MANGAPET
MULUG,ETURNAGARAM,TADVAI (SAMMAKKA SARAKKA)
MULUG,ETURNAGARAM,VENKATAPURAM
MULUG,ETURNAGARAM,WAZEED
MULUG,MULUG,MULUG
MULUG,MULUG,Mallampally
MULUG,MULUG,VENKATAPUR
NAGARKURNOOL,ACHAMPET,ACHAMPET
NAGARKURNOOL,ACHAMPET,AMRABAD
NAGARKURNOOL,ACHAMPET,BALMOOR
NAGARKURNOOL,ACHAMPET,LINGAL
NAGARKURNOOL,ACHAMPET,PADARA
NAGARKURNOOL,ACHAMPET,UPPUNUNTHALA
NAGARKURNOOL,ACHAMPET,VANGOOR
NAGARKURNOOL,KALWAKURTHY,CHARAKONDA
NAGARKURNOOL,KALWAKURTHY,KALWAKURTHY
NAGARKURNOOL,KALWAKURTHY,URKONDA
NAGARKURNOOL,KALWAKURTHY,VELDANDA
NAGARKURNOOL,KOLLAPUR,KODAIR
NAGARKURNOOL,KOLLAPUR,KOLLAPUR
NAGARKURNOOL,KOLLAPUR,PEDDAKOTHAPALLE
NAGARKURNOOL,KOLLAPUR,PENTLAVELLI
NAGARKURNOOL,NAGARKURNOOL,BIJINAPALLY
NAGARKURNOOL,NAGARKURNOOL,NAGARKURNOOL
NAGARKURNOOL,NAGARKURNOOL,TADOOR
NAGARKURNOOL,NAGARKURNOOL,TELKAPALLY
NAGARKURNOOL,NAGARKURNOOL,THIMMAJILPET
NALGONDA,ANUMULA,ANUMULA
NALGONDA,ANUMULA,GURRAMPODE
NALGONDA,ANUMULA,NIDAMANUR
NALGONDA,ANUMULA,PEDDAVOORA
NALGONDA,ANUMULA,TIRUMALAGIRI (SAGAR)
NALGONDA,ANUMULA,TRIPURARAM
NALGONDA,DEVARAKONDA,CHANDAMPETA
NALGONDA,DEVARAKONDA,CHINTHA PALLE
NALGONDA,DEVARAKONDA,DEVARAKONDA
NALGONDA,DEVARAKONDA,GUNDLA PALLE
NALGONDA,DEVARAKONDA,Gudipally
NALGONDA,DEVARAKONDA,KONDA MALLEPALLY
NALGONDA,DEVARAKONDA,NEREDUGOMMU
NALGONDA,DEVARAKONDA,PEDA ADISHARLA PALLI
NALGONDA,MIRYALAGUDA,ADAVIDEVULAPALLY
NALGONDA,MIRYALAGUDA,DAMERCHERLA
NALGONDA,MIRYALAGUDA,MADUGULAPALLY
NALGONDA,MIRYALAGUDA,MIRYALAGUDA
NALGONDA,MIRYALAGUDA,VEMULAPALLY
NALGONDA,MUNUGODE,CHANDUR
NALGONDA,MUNUGODE,Gattuppal
NALGONDA,MUNUGODE,MARRI GUDA
NALGONDA,MUNUGODE,MUNUGODE
NALGONDA,MUNUGODE,NAMPALLY
NALGONDA,NAKREKAL,CHITYAL
NALGONDA,NAKREKAL,KATTANGUR
NALGONDA,NAKREKAL,KETHEPALLY
NALGONDA,NAKREKAL,NAKREKAL
NALGONDA,NAKREKAL,NARKETPALLE
NALGONDA,NAKREKAL,SHALIGOURARAM
NALGONDA,NALGONDA,KANGAL
NALGONDA,NALGONDA,NALGONDA
NALGONDA,NALGONDA,TIPPARTHY
NARAYANPET,KOSGI,Gundumal
NARAYANPET,KOSGI,KOSGI
NARAYANPET,KOSGI,Kothapalle
NARAYANPET,KOSGI,MADDUR
NARAYANPET,MAKTHAL,KRISHNA
NARAYANPET,MAKTHAL,MAGANOOR
NARAYANPET,MAKTHAL,MAKTHAL
NARAYANPET,MAKTHAL,NARWA
NARAYANPET,MAKTHAL,UTKOOR
NARAYANPET,NARAYANPET,DAMARAGIDDA
NARAYANPET,NARAYANPET,DHANWADA
NARAYANPET,NARAYANPET,MARIKAL
NARAYANPET,NARAYANPET,NARAYANPET
NIRMAL,BHAINSA,BHAINSA
NIRMAL,BHAINSA,KUBEER
NIRMAL,BHAINSA,KUNTALA
NIRMAL,KHANAPUR,DASTURABAD
NIRMAL,KHANAPUR,KADDAM PEDDUR
NIRMAL,KHANAPUR,KHANAPUR
NIRMAL,KHANAPUR,PEMBI
NIRMAL,MUDHOLE,BASAR
NIRMAL,MUDHOLE,LOKESHWARAM
NIRMAL,MUDHOLE,MUDHOLE
NIRMAL,MUDHOLE,TANUR
NIRMAL,NIRAMAL II,DILAWARPUR
NIRMAL,NIRAMAL II,NARSAPUR (G)
NIRMAL,NIRAMAL II,SARANGAPUR
NIRMAL,NIRAMAL II,SOAN
NIRMAL,NIRMALU,LAXMANCHANDA
NIRMAL,NIRMALU,MAMADA
NIRMAL,NIRMALU,NIRMAL RURAL
NIRMAL,NIRMALU,NIRMAL(U)
NIZAMABAD,ARMOOR,ARMOOR
NIZAMABAD,ARMOOR,Aloor
NIZAMABAD,ARMOOR,Donkeshwar
NIZAMABAD,ARMOOR,MAKLOOR
NIZAMABAD,ARMOOR,NANDIPET
NIZAMABAD,BALKONDA,BALKONDA
NIZAMABAD,BALKONDA,MENDORA
NIZAMABAD,BALKONDA,MUPKAL
NIZAMABAD,BALKONDA,YERGATLA
NIZAMABAD,BHEEMGAL,BHEEMGAL
NIZAMABAD,BHEEMGAL,KAMMARPALLY
NIZAMABAD,BHEEMGAL,MORTHAD
NIZAMABAD,BHEEMGAL,VAILPOOR
NIZAMABAD,BODHAN,BODHAN
NIZAMABAD,BODHAN,NAVIPET
NIZAMABAD,BODHAN,RENJAL
NIZAMABAD,BODHAN,Saloora
NIZAMABAD,BODHAN,YEDAPALLY
NIZAMABAD,INDALWAI,DHARPALLY
NIZAMABAD,INDALWAI,INDALWAI
NIZAMABAD,INDALWAI,SIRKONDA
NIZAMABAD,NIZAMABAD RURAL,DICHPALLY
NIZAMABAD,NIZAMABAD RURAL,JAKRANPALLE
NIZAMABAD,NIZAMABAD RURAL,MUGPAL
NIZAMABAD,NIZAMABAD RURAL,NIZAMABAD RURAL
NIZAMABAD,NIZAMABAD SOUTH,NIZAMABAD NORTH
NIZAMABAD,NIZAMABAD SOUTH,NIZAMABAD SOUTH
NIZAMABAD,RUDRUR,Chandur
NIZAMABAD,RUDRUR,KOTAGIRI
NIZAMABAD,RUDRUR,Mosra
NIZAMABAD,RUDRUR,Pothangal
NIZAMABAD,RUDRUR,RUDRUR
NIZAMABAD,RUDRUR,VARNI
PEDDAPALLI,MANTHANI,KAMANPUR
PEDDAPALLI,MANTHANI,MANTHANI
PEDDAPALLI,MANTHANI,MUTHARAM MANTHANI
PEDDAPALLI,MANTHANI,RAMAGIRI
PEDDAPALLI,PEDDAPALLE,ELIGAID
PEDDAPALLI,PEDDAPALLE,JULAPALLE
PEDDAPALLI,PEDDAPALLE,ODELA
PEDDAPALLI,PEDDAPALLE,PEDDAPALLE
PEDDAPALLI,PEDDAPALLE,SRIRAMPUR
PEDDAPALLI,PEDDAPALLE,SULTANABAD
PEDDAPALLI,RAMAGUNDAM,ANTHERGAON
PEDDAPALLI,RAMAGUNDAM,DHARMARAM
PEDDAPALLI,RAMAGUNDAM,PALAKURTHY
PEDDAPALLI,RAMAGUNDAM,RAMAGUNDAM
RAJANNA SIRCILLA,SIRSILLA,GAMBHIRAOPET
RAJANNA SIRCILLA,SIRSILLA,ILLANTHAKUNTA
RAJANNA SIRCILLA,SIRSILLA,MUSTABAD
RAJANNA SIRCILLA,SIRSILLA,SIRSILLA
RAJANNA SIRCILLA,SIRSILLA,THANGALLAPALLI
RAJANNA SIRCILLA,SIRSILLA,VEERNAPALLI
RAJANNA SIRCILLA,SIRSILLA,YELLA REDDI PETA
RAJANNA SIRCILLA,VEMULAWADA,BOINPALLE
RAJANNA SIRCILLA,VEMULAWADA,CHANDURTHI
RAJANNA SIRCILLA,VEMULAWADA,KONARAOPETA
RAJANNA SIRCILLA,VEMULAWADA,RUDRANGI
RAJANNA SIRCILLA,VEMULAWADA,VEMULAWADA
RAJANNA SIRCILLA,VEMULAWADA,VEMULAWADA RURAL
RANGAREDDY,AMANGAL,AMANGAL
RANGAREDDY,AMANGAL,KADTHAL
RANGAREDDY,AMANGAL,MADGUL
RANGAREDDY,AMANGAL,TALAKONDAPALLY
RANGAREDDY,CHEVELLA,CHEVELLA
RANGAREDDY,CHEVELLA,MOINABAD
RANGAREDDY,CHEVELLA,SHABAD
RANGAREDDY,CHEVELLA,SHANKARPALLE
RANGAREDDY,IBRAHIMPATNAM,ABDULLAPURMET
RANGAREDDY,IBRAHIMPATNAM,HAYATHNAGAR
RANGAREDDY,IBRAHIMPATNAM,IBRAHIMPATNAM
RANGAREDDY,IBRAHIMPATNAM,MANCHAL
RANGAREDDY,IBRAHIMPATNAM,YACHARAM
RANGAREDDY,MAHESHWARAM,BALAPUR
RANGAREDDY,MAHESHWARAM,KANDUKUR
RANGAREDDY,MAHESHWARAM,MAHESHWARAM
RANGAREDDY,MAHESHWARAM,SAROORNAGAR
RANGAREDDY,RAJENDRANAGAR,GANDIPET
RANGAREDDY,RAJENDRANAGAR,RAJENDRANAGAR
RANGAREDDY,RAJENDRANAGAR,SERILINGAMPALLE
RANGAREDDY,RAJENDRANAGAR,SHAMSHABAD
RANGAREDDY,SHADNAGAR,FAROOQNAGAR
RANGAREDDY,SHADNAGAR,JILLED CHOWDERGUDEM
RANGAREDDY,SHADNAGAR,KESHAMPETA
RANGAREDDY,SHADNAGAR,KONDURG
RANGAREDDY,SHADNAGAR,KOTHUR
RANGAREDDY,SHADNAGAR,NANDIGAMA
SANGAREDDY,ANDOLE,ANDOLE
SANGAREDDY,ANDOLE,Chowtakur
SANGAREDDY,ANDOLE,HATHNOOR
SANGAREDDY,ANDOLE,PULKAL
SANGAREDDY,NARAYANKHED,KALHER
SANGAREDDY,NARAYANKHED,KANGTI
SANGAREDDY,NARAYANKHED,MANOOR
SANGAREDDY,NARAYANKHED,NAGALGIDDA
SANGAREDDY,NARAYANKHED,NARAYANKHED
SANGAREDDY,NARAYANKHED,Nizampet
SANGAREDDY,NARAYANKHED,SIRGAPOOR
SANGAREDDY,PATANCHERU,AMEENPUR
SANGAREDDY,PATANCHERU,GUMMADIDALA
SANGAREDDY,PATANCHERU,JINNARAM
SANGAREDDY,PATANCHERU,PATANCHERU
SANGAREDDY,PATANCHERU,RAMACHANDRAPURAM
SANGAREDDY,RAIKODE,MUNIPALLY
SANGAREDDY,RAIKODE,RAIKODE
SANGAREDDY,RAIKODE,VATPALLY
SANGAREDDY,SANGAREDDY,KANDI
SANGAREDDY,SANGAREDDY,KONDAPUR
SANGAREDDY,SANGAREDDY,SADASIVPET
SANGAREDDY,SANGAREDDY,SANGAREDDY
SANGAREDDY,ZAHIRABAD,JHARASANGAM
SANGAREDDY,ZAHIRABAD,KOHIR
SANGAREDDY,ZAHIRABAD,MOGUDAMPALLY
SANGAREDDY,ZAHIRABAD,NYALKAL
SANGAREDDY,ZAHIRABAD,ZAHIRABAD
SIDDIPET,CHERIYAL,CHERIYAL
SIDDIPET,CHERIYAL,Dhoolmitta
SIDDIPET,CHERIYAL,KOMURAVELLI
SIDDIPET,CHERIYAL,MADDUR
SIDDIPET,DUBBAK,Akbarpet-Bhoompally
SIDDIPET,DUBBAK,DOULTABAD
SIDDIPET,DUBBAK,DUBBAK
SIDDIPET,DUBBAK,MIRDODDI
SIDDIPET,DUBBAK,THOGUTA
SIDDIPET,GAJWEL,GAJWEL
SIDDIPET,GAJWEL,KONDAPAK
SIDDIPET,GAJWEL,Kukunoorpally
SIDDIPET,GAJWEL,RAIPOLE
SIDDIPET,HUSNABAD,AKKANNAPET
SIDDIPET,HUSNABAD,BEJJANKI
SIDDIPET,HUSNABAD,HUSNABAD
SIDDIPET,HUSNABAD,KOHEDA
SIDDIPET,MULUG,JEAGDEVPUR
SIDDIPET,MULUG,MARKOOK
SIDDIPET,MULUG,MULUG
SIDDIPET,MULUG,WARGAL
SIDDIPET,SIDDIPET,CHINNAKODUR
SIDDIPET,SIDDIPET,NANGANOOR
SIDDIPET,SIDDIPET,Narayanraopet
SIDDIPET,SIDDIPET,SIDDIPET (URBAN)
SIDDIPET,SIDDIPET,SIDDIPET RURAL
SURYAPET,HUZURNAGAR,CHINTHALAPALEM (MALLAREDDYGUDEM)
SURYAPET,HUZURNAGAR,GARIDE PALLE
SURYAPET,HUZURNAGAR,HUZURNAGAR
SURYAPET,HUZURNAGAR,MATTAMPALLE
SURYAPET,HUZURNAGAR,MELLACHERUVU
SURYAPET,HUZURNAGAR,NEREDUCHERLA
SURYAPET,HUZURNAGAR,PALAKEEDU
SURYAPET,KODAD,ANANTHAGIRI
SURYAPET,KODAD,CHILKUR
SURYAPET,KODAD,KODAD
SURYAPET,KODAD,MOTHEY
SURYAPET,KODAD,MUNAGALA
SURYAPET,KODAD,NADIGUDEM
SURYAPET,SURYAPET,ATHMAKUR (S)
SURYAPET,SURYAPET,CHIVVEMLA
SURYAPET,SURYAPET,PENPAHAD
SURYAPET,SURYAPET,SURYAPET
SURYAPET,THUNGATHURTHY,JAJIREDDY GUDEM
SURYAPET,THUNGATHURTHY,MADDIRALA
SURYAPET,THUNGATHURTHY,NAGARAM
SURYAPET,THUNGATHURTHY,NOOTHANAKAL
SURYAPET,THUNGATHURTHY,THIRUMALAGIRI
SURYAPET,THUNGATHURTHY,THUNGATHURTHY
VIKARABAD,KODANGAL,BOMRASPET
VIKARABAD,KODANGAL,DOULATABAD
VIKARABAD,KODANGAL,Dudyal
VIKARABAD,KODANGAL,KODANGAL
VIKARABAD,PARGI,Chowdapur
VIKARABAD,PARGI,DOMA
VIKARABAD,PARGI,KULKACHARLA
VIKARABAD,PARGI,PARGI
VIKARABAD,PARGI,PUDUR
VIKARABAD,TANDUR,BASHEERABAD
VIKARABAD,TANDUR,PEDDEMUL
VIKARABAD,TANDUR,TANDUR
VIKARABAD,TANDUR,YELAL
VIKARABAD,VIKARABAD,BANTWARAM
VIKARABAD,VIKARABAD,DHARUR
VIKARABAD,VIKARABAD,KOTEPALLY
VIKARABAD,VIKARABAD,MARPALLE
VIKARABAD,VIKARABAD,MOMINPET
VIKARABAD,VIKARABAD,NAWABPET
VIKARABAD,VIKARABAD,VIKARABAD
WANAPARTHY,KOTHAKOTA,AMARCHINTHA
WANAPARTHY,KOTHAKOTA,ATMAKUR
WANAPARTHY,KOTHAKOTA,KOTHAKOTA
WANAPARTHY,KOTHAKOTA,MADANAPUR
WANAPARTHY,PANGAL,CHINNAMBAVI
WANAPARTHY,PANGAL,PANGAL
WANAPARTHY,PANGAL,WEEPANAGANDLA
WANAPARTHY,WANAPARTHY,GHANPUR
WANAPARTHY,WANAPARTHY,GOPALPET
WANAPARTHY,WANAPARTHY,PEBBAIR
WANAPARTHY,WANAPARTHY,PEDDAMANDADI
WANAPARTHY,WANAPARTHY,REVALLY
WANAPARTHY,WANAPARTHY,SRIRANGAPUR
WANAPARTHY,WANAPARTHY,WANAPARTHY
WANAPARTHY,WANAPARTHY,Yedula
WARANGAL,NARSAMPET,CHENNARAOPET
WARANGAL,NARSAMPET,DUGGONDI
WARANGAL,NARSAMPET,KHANAPUR
WARANGAL,NARSAMPET,NALLABELLY
WARANGAL,NARSAMPET,NARSAMPET
WARANGAL,NARSAMPET,NEKKONDA
WARANGAL,WARDHANNAPET,GEESUGONDA
WARANGAL,WARDHANNAPET,KHILA WARANGAL
WARANGAL,WARDHANNAPET,PARVATHAGIRI
WARANGAL,WARDHANNAPET,RAIPARTHY
WARANGAL,WARDHANNAPET,SANGEM
WARANGAL,WARDHANNAPET,WARANGAL
WARANGAL,WARDHANNAPET,WARDHANNAPET
YADADRI BHUVANAGIRI,ALAIR,ADDAGUDUR
YADADRI BHUVANAGIRI,ALAIR,ALAIR
YADADRI BHUVANAGIRI,ALAIR,ATHMAKUR(M)
YADADRI BHUVANAGIRI,ALAIR,GUNDALA
YADADRI BHUVANAGIRI,ALAIR,MOTHKUR
YADADRI BHUVANAGIRI,BHONGIR,B.POCHAMPALLY
YADADRI BHUVANAGIRI,BHONGIR,BHONGIR
YADADRI BHUVANAGIRI,BHONGIR,BIBINAGAR
YADADRI BHUVANAGIRI,BHONGIR,CHOUTUPPAL
YADADRI BHUVANAGIRI,BHONGIR,NARAYANAPOOR
YADADRI BHUVANAGIRI,BHONGIR,RAMANNAPETA
YADADRI BHUVANAGIRI,BHONGIR,VALIGONDA
YADADRI BHUVANAGIRI,YADAGIRIGUTTA,BOMMALARAMARAM
YADADRI BHUVANAGIRI,YADAGIRIGUTTA,MOTAKONDUR
YADADRI BHUVANAGIRI,YADAGIRIGUTTA,RAJAPET
YADADRI BHUVANAGIRI,YADAGIRIGUTTA,THURKAPALLY
YADADRI BHUVANAGIRI,YADAGIRIGUTTA,YADAGIRIGUTTA
