officer_type,district,division,mandal,phone
MAO,ADILABAD,ADILABAD RURAL,ADILABAD (RURAL),8977742879
MAO,ADILABAD,ADILABAD RURAL,ADILABAD (URBAN),8977742880
MAO,ADILABAD,ADILABAD RURAL,BELA,8977742881
MAO,ADILABAD,ADILABAD RURAL,Bhoraj,8977742882
MAO,ADILABAD,ADILABAD RURAL,JAINAD,8977742889
MAO,ADILABAD,ADILABAD RURAL,MAVALA,8977743062
MAO,ADILABAD,ADILABAD RURAL,Satnala,8977743063
MAO,ADILABAD,BOATH,BAZARHATHNOOR,8977742906
MAO,ADILABAD,BOATH,BOATH,9346093717
MAO,ADILABAD,BOATH,NERADIGONDA,8977742908
MAO,ADILABAD,BOATH,Sonala,8977743064
MAO,ADILABAD,ICHODA,GUDI HATHNUR,8332801230
MAO,ADILABAD,ICHODA,ICHODA,8977742910
MAO,ADILABAD,ICHODA,SIRIKONDA,8977742913
MAO,ADILABAD,TAMSI,BHEEMPUR,8977742909
MAO,ADILABAD,TAMSI,TALAMADUGU,8977742914
MAO,ADILABAD,TAMSI,TAMSI,8977742920
MAO,ADILABAD,UTNUR,GADIGUDA,8977742883
MAO,ADILABAD,UTNUR,INDERAVELLY,8977742912
MAO,ADILABAD,UTNUR,NARNOOR,8977742890
MAO,ADILABAD,UTNUR,UTNUR,8977743059
MAO,BHADRADRI KOTHAGUDEM,ASWARAOPETA,ANNAPUREDDYPALLI,8977744045
MAO,BHADRADRI KOTHAGUDEM,ASWARAOPETA,ASWARAOPETA,8977744046
MAO,BHADRADRI KOTHAGUDEM,ASWARAOPETA,CHANDRUGONDA,8977744047
MAO,BHADRADRI KOTHAGUDEM,ASWARAOPETA,DAMMAPETA,8977744048
MAO,BHADRADRI KOTHAGUDEM,ASWARAOPETA,MULAKALAPALLE,8977744049
MAO,BHADRADRI KOTHAGUDEM,BHADRACHALAM,BHADRACHALAM,8977744057
MAO,BHADRADRI KOTHAGUDEM,BHADRACHALAM,CHERLA,8977744051
MAO,BHADRADRI KOTHAGUDEM,BHADRACHALAM,DUMMAGUDEM,8977744057
MAO,BHADRADRI KOTHAGUDEM,KOTHAGUDEM,CHUNCHUPALLY,8977744058
MAO,BHADRADRI KOTHAGUDEM,KOTHAGUDEM,JULURPAD,8977744059
MAO,BHADRADRI KOTHAGUDEM,KOTHAGUDEM,KOTHAGUDEM,8977744060
MAO,BHADRADRI KOTHAGUDEM,KOTHAGUDEM,LAXMIDEVIPALLY,8977744059
MAO,BHADRADRI KOTHAGUDEM,KOTHAGUDEM,PALWANCHA,8977744894
MAO,BHADRADRI KOTHAGUDEM,KOTHAGUDEM,SUJATHANAGAR,8977744895
MAO,BHADRADRI KOTHAGUDEM,MANUGURU,ALLAPALLI,9848629859
MAO,BHADRADRI KOTHAGUDEM,MANUGURU,ASWAPURAM,8977744945
MAO,BHADRADRI KOTHAGUDEM,MANUGURU,BURGAMPADU,8977744919
MAO,BHADRADRI KOTHAGUDEM,MANUGURU,GUNDALA,9494029923
MAO,BHADRADRI KOTHAGUDEM,MANUGURU,KARAKAGUDEM,8977744945
MAO,BHADRADRI KOTHAGUDEM,MANUGURU,MANUGURU,8977744946
MAO,BHADRADRI KOTHAGUDEM,MANUGURU,PINAPAKA,8977744947
MAO,BHADRADRI KOTHAGUDEM,YELLANDU,TEKULAPALLE,8977744948
MAO,BHADRADRI KOTHAGUDEM,YELLANDU,YELLANDU,8977744956
MAO,HANMAKONDA,HANAMKONDA,BHEEMADEVARPALLE,8977744965
MAO,HANMAKONDA,HANAMKONDA,DHARMASAGAR,8977744966
MAO,HANMAKONDA,HANAMKONDA,ELKATHURTHI,8977744967
MAO,HANMAKONDA,HANAMKONDA,HANAMKONDA,8977744968
MAO,HANMAKONDA,HANAMKONDA,HASANPARTHY,8977744969
MAO,HANMAKONDA,HANAMKONDA,INAVOLU,8977744970
MAO,HANMAKONDA,HANAMKONDA,KAMALAPUR,8977744975
MAO,HANMAKONDA,HANAMKONDA,KHAZIPET,8977744971
MAO,HANMAKONDA,HANAMKONDA,VELAIR,8977744974
MAO,HANMAKONDA,PARKAL,ATMAKUR,8977744977
MAO,HANMAKONDA,PARKAL,DAMERA,8977744978
MAO,HANMAKONDA,PARKAL,Nadikuda,8977744979
MAO,HANMAKONDA,PARKAL,PARKAL,8977744980
MAO,HANMAKONDA,PARKAL,SHAYAMPET,8977745013
MAO,JAGTIAL,DHARMAPURI,BUGGARAM,8977745020
MAO,JAGTIAL,DHARMAPURI,DHARMAPURI,8977745148
MAO,JAGTIAL,DHARMAPURI,Endapalli,8977745149
MAO,JAGTIAL,DHARMAPURI,GOLLAPALLE,8977745150
MAO,JAGTIAL,DHARMAPURI,PEGADAPALLE,8977745203
MAO,JAGTIAL,DHARMAPURI,VELGATOOR,8977745204
MAO,JAGTIAL,JAGTIAL,BEERPUR,8977745205
MAO,JAGTIAL,JAGTIAL,Bheemaram,9346733256
MAO,JAGTIAL,JAGTIAL,JAGTIAL,8977745207
MAO,JAGTIAL,JAGTIAL,JAGTIAL RURAL,8977745206
MAO,JAGTIAL,JAGTIAL,KODIMIAL,8977745208
MAO,JAGTIAL,JAGTIAL,MALLIAL,8977745209
MAO,JAGTIAL,JAGTIAL,MEDIPALLE,8977745445
MAO,JAGTIAL,JAGTIAL,RAIKAL,8977745446
MAO,JAGTIAL,JAGTIAL,SARANGAPUR,8977745447
MAO,JAGTIAL,KORUTLA,IBRAHIMPATNAM,8977745448
MAO,JAGTIAL,KORUTLA,KATHLAPUR,8977745449
MAO,JAGTIAL,KORUTLA,KORUTLA,8977745477
MAO,JAGTIAL,KORUTLA,MALLAPUR,8977745478
MAO,JAGTIAL,KORUTLA,METPALLI,8977745479
MAO,JANGOAN,GHANPURSTN,CHILPUR,8977745507
MAO,JANGOAN,GHANPURSTN,GHANPUR(STN),8977745502
MAO,JANGOAN,GHANPURSTN,LINGALA GHANPUR,8977745508
MAO,JANGOAN,GHANPURSTN,RAGHUNATHA PALLE,8977745509
MAO,JANGOAN,GHANPURSTN,ZAFFERGADH,8977745510
MAO,JANGOAN,JANGAON,BACHANNAPETA,8977745498
MAO,JANGOAN,JANGAON,JANGAON,8977745495
MAO,JANGOAN,JANGAON,NARMETTA,8977745496
MAO,JANGOAN,JANGAON,THARIGOPPULA,8977745497
MAO,JANGOAN,PALAKURTHI,DEVARUPPULA,8977745516
MAO,JANGOAN,PALAKURTHI,KODAKANDLA,8977745517
MAO,JANGOAN,PALAKURTHI,PALAKURTHI,8977745515
MAO,JAYASHANKAR BHUPALPALLI,BHUPALPALLY,BHUPALPALLY,8977745528
MAO,JAYASHANKAR BHUPALPALLI,BHUPALPALLY,CHITYAL,8977745530
MAO,JAYASHANKAR BHUPALPALLI,BHUPALPALLY,GHANAPUR MULUG,8977745531
MAO,JAYASHANKAR BHUPALPALLI,BHUPALPALLY,Kothapallegori,8977745532
MAO,JAYASHANKAR BHUPALPALLI,BHUPALPALLY,MOGULLAPALLE,8977745534
MAO,JAYASHANKAR BHUPALPALLI,BHUPALPALLY,REGONDA,8977745539
MAO,JAYASHANKAR BHUPALPALLI,BHUPALPALLY,TEKUMATLA,8977745540
MAO,JAYASHANKAR BHUPALPALLI,MAHADEVPUR,KATARAM,8977745542
MAO,JAYASHANKAR BHUPALPALLI,MAHADEVPUR,MAHADEVPUR,8977745543
MAO,JAYASHANKAR BHUPALPALLI,MAHADEVPUR,MALHARRAO,8977745561
MAO,JAYASHANKAR BHUPALPALLI,MAHADEVPUR,MUTHARAM MAHADEVPUR,8977745560
MAO,JAYASHANKAR BHUPALPALLI,MAHADEVPUR,PALIMELA,9177638911
MAO,JOGULAMBA GADWAL,ALAMPUR,ALAMPUR,8977745645
MAO,JOGULAMBA GADWAL,ALAMPUR,ITIKYALA,8977745647
MAO,JOGULAMBA GADWAL,ALAMPUR,MANOPAD,8977745648
MAO,JOGULAMBA GADWAL,ALAMPUR,UNDAVELLY,8977745650
MAO,JOGULAMBA GADWAL,ALAMPUR,Yerravalli,8977745994
MAO,JOGULAMBA GADWAL,GADWAL,DHAROOR,8977745658
MAO,JOGULAMBA GADWAL,GADWAL,GADWAL,8977745659
MAO,JOGULAMBA GADWAL,GADWAL,KALOOR TIMMANADODDI,8977745685
MAO,JOGULAMBA GADWAL,GADWAL,MALDAKAL,8977746043
MAO,JOGULAMBA GADWAL,IEEJA,GHATTU,8977745684
MAO,JOGULAMBA GADWAL,IEEJA,IEEJA,8977745646
MAO,JOGULAMBA GADWAL,IEEJA,RAJOLI,8977745649
MAO,JOGULAMBA GADWAL,IEEJA,WADDEPALLE,8977745657
MAO,KAMAREDDY,BANSWADA,BANSWADA,8977746235
MAO,KAMAREDDY,BANSWADA,BIRKUR,8977746236
MAO,KAMAREDDY,BANSWADA,NASRULLABAD,8977746237
MAO,KAMAREDDY,BICHKUNDA,BICHKUNDA,8977746239
MAO,KAMAREDDY,BICHKUNDA,Dongli,8977746240
MAO,KAMAREDDY,BICHKUNDA,JUKKAL,8977746247
MAO,KAMAREDDY,BICHKUNDA,MADNOOR,8977746248
MAO,KAMAREDDY,BICHKUNDA,Mohammadnagar,8977746249
MAO,KAMAREDDY,BICHKUNDA,NIZAMSAGAR,8977746250
MAO,KAMAREDDY,BICHKUNDA,PEDDA KODAPGAL,8977746252
MAO,KAMAREDDY,BICHKUNDA,PITLAM,8977746251
MAO,KAMAREDDY,KAMAREDDY,BHIKNOOR,8977746268
MAO,KAMAREDDY,KAMAREDDY,BIBIPET,8977746269
MAO,KAMAREDDY,KAMAREDDY,DOMAKONDA,8977746270
MAO,KAMAREDDY,KAMAREDDY,KAMAREDDY,8977746283
MAO,KAMAREDDY,KAMAREDDY,MACHAREDDY,8977746284
MAO,KAMAREDDY,KAMAREDDY,Palvancha,8977746294
MAO,KAMAREDDY,KAMAREDDY,RAJAMPET,8977746295
MAO,KAMAREDDY,YELLAREDDY,GANDHARI,8977746297
MAO,KAMAREDDY,YELLAREDDY,LINGAMPET,8977746298
MAO,KAMAREDDY,YELLAREDDY,NAGIREDDYPET,8977746301
MAO,KAMAREDDY,YELLAREDDY,RAMAREDDY,8977746302
MAO,KAMAREDDY,YELLAREDDY,SADASIVANAGAR,8977746303
MAO,KAMAREDDY,YELLAREDDY,TADWAI,8977746304
MAO,KAMAREDDY,YELLAREDDY,YELLAREDDY,8977746305
MAO,KARIMNAGAR,CHOPPADANDI,CHOPPADANDI,8977746348
MAO,KARIMNAGAR,CHOPPADANDI,GANGADHARA,8977746349
MAO,KARIMNAGAR,CHOPPADANDI,RAMADUGU,8977746350
MAO,KARIMNAGAR,HUZURABAD,ELLANDAKUNTA,8977746359
MAO,KARIMNAGAR,HUZURABAD,HUZURABAD,8977746360
MAO,KARIMNAGAR,HUZURABAD,JAMMIKUNTA,8977746361
MAO,KARIMNAGAR,HUZURABAD,V.SAIDAPUR,8977746364
MAO,KARIMNAGAR,HUZURABAD,VEENAVANKA,8977746362
MAO,KARIMNAGAR,KARIMNAGAR,KARIMNAGAR,8977746367
MAO,KARIMNAGAR,KARIMNAGAR,KARIMNAGAR RURAL,8977746368
MAO,KARIMNAGAR,KARIMNAGAR,KOTHAPALLY,8977746369
MAO,KARIMNAGAR,MANAKONDUR,CHIGURUMAMIDI,8977746414
MAO,KARIMNAGAR,MANAKONDUR,GANNERUVARAM,8977746417
MAO,KARIMNAGAR,MANAKONDUR,MANAKONDUR,8977746418
MAO,KARIMNAGAR,MANAKONDUR,SHANKARAPATNAM,8977746419
MAO,KARIMNAGAR,MANAKONDUR,THIMMAPUR,8977746435
MAO,KHAMMAM,KHAMMAM URBAN,KAMEPALLE,8977746620
MAO,KHAMMAM,KHAMMAM URBAN,KHAMMAM URBAN,8977746618
MAO,KHAMMAM,KHAMMAM URBAN,RAGHUNADHAPALEM,8977746619
MAO,KHAMMAM,KUSUMANCHI,KHAMMAM RURAL,8977747218
MAO,KHAMMAM,KUSUMANCHI,KUSUMANCHI,8977747217
MAO,KHAMMAM,KUSUMANCHI,NELAKONDAPALLE,8977747216
MAO,KHAMMAM,KUSUMANCHI,THIRUMALAYAPALEM,8977747219
MAO,KHAMMAM,MADHIRA,BONAKAL,8977746576
MAO,KHAMMAM,MADHIRA,CHINTHAKANI,8977746578
MAO,KHAMMAM,MADHIRA,MADHIRA,8977746575
MAO,KHAMMAM,MADHIRA,MUDIGONDA,8977746579
MAO,KHAMMAM,MADHIRA,YERRUPALEM,8977746580
MAO,KHAMMAM,SATHUPALLE,KALLUR,8977748728
MAO,KHAMMAM,SATHUPALLE,PENUBALLI,8977748725
MAO,KHAMMAM,SATHUPALLE,SATHUPALLE,8977748723
MAO,KHAMMAM,SATHUPALLE,THALLADA,8977748729
MAO,KHAMMAM,SATHUPALLE,VEMSOOR,8977748724
MAO,KHAMMAM,WYRA,ENKOOR,8977746597
MAO,KHAMMAM,WYRA,KONIJERLA,8977748710
MAO,KHAMMAM,WYRA,SINGARENI,8977746598
MAO,KHAMMAM,WYRA,WYRA,8977748709
MAO,KUMURAM BHEEM ASIFABAD,ASIFABAD,ASIFABAD,8977748820
MAO,KUMURAM BHEEM ASIFABAD,ASIFABAD,REBBENA,8977748846
MAO,KUMURAM BHEEM ASIFABAD,ASIFABAD,TIRYANI,8977748869
MAO,KUMURAM BHEEM ASIFABAD,ASIFABAD,WANKDI,8977748870
MAO,KUMURAM BHEEM ASIFABAD,KAGAZ NAGAR,KAGAZ NAGAR,8977748836
MAO,KUMURAM BHEEM ASIFABAD,KAGAZ NAGAR,KOUTHALA,8977748842
MAO,KUMURAM BHEEM ASIFABAD,KAGAZ NAGAR,SIRPUR (T),8977748860
MAO,KUMURAM BHEEM ASIFABAD,PENCHIKALPET,BEJJUR,8977748826
MAO,KUMURAM BHEEM ASIFABAD,PENCHIKALPET,CHINTALA MANEPALLY,8977748827
MAO,KUMURAM BHEEM ASIFABAD,PENCHIKALPET,DAHEGAON,8977748834
MAO,KUMURAM BHEEM ASIFABAD,PENCHIKALPET,PENCHIKALPET,8977748845
MAO,KUMURAM BHEEM ASIFABAD,SIRPUR U,JAINOOR,8977748835
MAO,KUMURAM BHEEM ASIFABAD,SIRPUR U,KERAMERI,8977748837
MAO,KUMURAM BHEEM ASIFABAD,SIRPUR U,LINGAPUR,8977748843
MAO,KUMURAM BHEEM ASIFABAD,SIRPUR U,SIRPUR (U),8977748867
MAO,MAHABUBABAD,MAHABUBABAD,BAYYARAM,9573591768
MAO,MAHABUBABAD,MAHABUBABAD,GANGARAM,9494720147
MAO,MAHABUBABAD,MAHABUBABAD,GARLA,8977749193
MAO,MAHABUBABAD,MAHABUBABAD,GUDUR,8977749192
MAO,MAHABUBABAD,MAHABUBABAD,Inugurthy,8977749196
MAO,MAHABUBABAD,MAHABUBABAD,KESAMUDRAM,8977749186
MAO,MAHABUBABAD,MAHABUBABAD,KOTHAGUDA,8977749197
MAO,MAHABUBABAD,MAHABUBABAD,MAHABUBABAD,8977749176
MAO,MAHABUBABAD,MAHABUBABAD,NELLIKUDUR,8977749196
MAO,MAHABUBABAD,MARIPEDA,CHINNAGUDUR,8977749175
MAO,MAHABUBABAD,MARIPEDA,DANTHALAPALLE,8977749015
MAO,MAHABUBABAD,MARIPEDA,DORNAKAL,8977749163
MAO,MAHABUBABAD,MARIPEDA,KURAVI,8977749164
MAO,MAHABUBABAD,MARIPEDA,MARIPEDA,8977749013
MAO,MAHABUBABAD,MARIPEDA,NARSIMHULAPET,8977749014
MAO,MAHABUBABAD,MARIPEDA,PEDDAVANGARA,8977749174
MAO,MAHABUBABAD,MARIPEDA,Seerole,8977749165
MAO,MAHABUBABAD,MARIPEDA,THORRUR,8977749173
MAO,MAHABUBNAGAR,DEVARKADARA,ADDAKAL,8977750622
MAO,MAHABUBNAGAR,DEVARKADARA,BHOOTHPUR,8977750623
MAO,MAHABUBNAGAR,DEVARKADARA,CHINNA CHINTHA KUNTA,8977750624
MAO,MAHABUBNAGAR,DEVARKADARA,DEVARKADARA,8977750625
MAO,MAHABUBNAGAR,DEVARKADARA,Koukuntla,8977750628
MAO,MAHABUBNAGAR,DEVARKADARA,MOOSAPET,8977750626
MAO,MAHABUBNAGAR,JADCHERLA,BALANGAR,8977750655
MAO,MAHABUBNAGAR,JADCHERLA,JADCHERLA,8977750656
MAO,MAHABUBNAGAR,JADCHERLA,MIDJIL,8977750657
MAO,MAHABUBNAGAR,JADCHERLA,NAWABPET,8977750658
MAO,MAHABUBNAGAR,JADCHERLA,RAJAPUR,8977750659
MAO,MAHABUBNAGAR,MAHABUBNAGAR RURAL,GANDEED,8977750714
MAO,MAHABUBNAGAR,MAHABUBNAGAR RURAL,HANWADA,8977750715
MAO,MAHABUBNAGAR,MAHABUBNAGAR RURAL,KOILKONDA,8977750716
MAO,MAHABUBNAGAR,MAHABUBNAGAR RURAL,MAHABUBANAGAR (URBAN),8977750719
MAO,MAHABUBNAGAR,MAHABUBNAGAR RURAL,MAHABUBNAGAR RURAL,8977750717
MAO,MAHABUBNAGAR,MAHABUBNAGAR RURAL,Mohammadabad,8977750720
MAO,MANCHERIAL,BELLAMPALLE,BELLAMPALLE,8977750746
MAO,MANCHERIAL,BELLAMPALLE,KASIPET,8977750747
MAO,MANCHERIAL,BELLAMPALLE,TANDUR,8977750748
MAO,MANCHERIAL,BHEEMINI,BHEEMINI,8977750756
MAO,MANCHERIAL,BHEEMINI,KANNEPALLI,8977750757
MAO,MANCHERIAL,BHEEMINI,NENNEL,8977750758
MAO,MANCHERIAL,BHEEMINI,VEMANPALLE,8977750764
MAO,MANCHERIAL,CHENNUR,BHEEMARAM,8977750761
MAO,MANCHERIAL,CHENNUR,CHENNUR,8977750762
MAO,MANCHERIAL,CHENNUR,JAIPUR,8977750763
MAO,MANCHERIAL,CHENNUR,KOTAPALLE,8977750764
MAO,MANCHERIAL,CHENNUR,MANDAMARRI,8977750765
MAO,MANCHERIAL,MANCHERIAL,DANDEPALLE,8977750780
MAO,MANCHERIAL,MANCHERIAL,HAJIPUR,8977750781
MAO,MANCHERIAL,MANCHERIAL,JANNARAM,8977750782
MAO,MANCHERIAL,MANCHERIAL,LUXETTIPET,8977750783
MAO,MANCHERIAL,MANCHERIAL,MANCHERIAL,8977750784
MAO,MANCHERIAL,MANCHERIAL,NASPUR,8977750784
MAO,MEDAK,KOWDIPALLE,CHILIPCHED,8977750830
MAO,MEDAK,KOWDIPALLE,KOWDIPALLE,8977750828
MAO,MEDAK,KOWDIPALLE,KULCHARAM,8977750856
MAO,MEDAK,KOWDIPALLE,Masaipet,8977750866
MAO,MEDAK,KOWDIPALLE,YELDURTHY,8977750868
MAO,MEDAK,MEDAK,HAVELI GHANPUR,8977750878
MAO,MEDAK,MEDAK,MEDAK,8977750871
MAO,MEDAK,MEDAK,PAPANNAPET,8977750880
MAO,MEDAK,MEDAK,SHANKARAMPET(R),8977750940
MAO,MEDAK,NARSAPUR,MANOHARABAD,8977750944
MAO,MEDAK,NARSAPUR,NARSAPUR,8977750943
MAO,MEDAK,NARSAPUR,SHIVAMPET,8977750945
MAO,MEDAK,NARSAPUR,TOOPRAN,8977750946
MAO,MEDAK,RAMAYAMPET,ALLADURG,8977750948
MAO,MEDAK,RAMAYAMPET,CHEGUNTA,8977750829
MAO,MEDAK,RAMAYAMPET,NARSINGI,8977750867
MAO,MEDAK,RAMAYAMPET,NIZAMPET,8977750879
MAO,MEDAK,RAMAYAMPET,RAMAYAMPET,8977750939
MAO,MEDAK,RAMAYAMPET,REGODE,8977751030
MAO,MEDAK,RAMAYAMPET,SHANKARAMPET(A),8977751029
MAO,MEDAK,RAMAYAMPET,TEKMAL,8977751030
MAO,MEDCHAL-MALKAJIGIRI,MALKAJGIRI,ALWAL,8977751035
MAO,MEDCHAL-MALKAJIGIRI,MALKAJGIRI,BACHUPALLY,8977751034
MAO,MEDCHAL-MALKAJIGIRI,MALKAJGIRI,BALANAGAR,8977751033
MAO,MEDCHAL-MALKAJIGIRI,MALKAJGIRI,GANDIMAISAMMA DUNDIGAL,8977751034
MAO,MEDCHAL-MALKAJIGIRI,MALKAJGIRI,KUKATPALLY,8977751033
MAO,MEDCHAL-MALKAJIGIRI,MALKAJGIRI,MALKAJGIRI,8977751035
MAO,MEDCHAL-MALKAJIGIRI,MALKAJGIRI,QUTHBULLAPUR,8977751034
MAO,MEDCHAL-MALKAJIGIRI,MALKAJGIRI,UPPAL,8977751035
MAO,MEDCHAL-MALKAJIGIRI,MEDCHAL,GHATKESAR,8977751065
MAO,MEDCHAL-MALKAJIGIRI,MEDCHAL,KAPRA,8977751069
MAO,MEDCHAL-MALKAJIGIRI,MEDCHAL,KEESARA,8977751066
MAO,MEDCHAL-MALKAJIGIRI,MEDCHAL,MEDCHAL,8977751067
MAO,MEDCHAL-MALKAJIGIRI,MEDCHAL,MEDIPALLY,8977751065
MAO,MEDCHAL-MALKAJIGIRI,MEDCHAL,Muduchinthalapally,8977751068
MAO,MEDCHAL-MALKAJIGIRI,MEDCHAL,SHAMIRPET,8977751069
MAO,MULUG,ETURNAGARAM,ETURNAGARAM,8977751142
MAO,MULUG,ETURNAGARAM,GOVINDARAOPET,8977751149
MAO,MULUG,ETURNAGARAM,KANNAIGUDEM,8977751150
MAO,MULUG,ETURNAGARAM,MANGAPET,8977751150
MAO,MULUG,ETURNAGARAM,TADVAI (SAMMAKKA SARAKKA),8977751152
MAO,MULUG,ETURNAGARAM,VENKATAPURAM,8977751153
MAO,MULUG,ETURNAGARAM,WAZEED,8977751154
MAO,MULUG,MULUG,MULUG,8977751161
MAO,MULUG,MULUG,Mallampally,9866153803
MAO,MULUG,MULUG,VENKATAPUR,8977751162
MAO,NAGARKURNOOL,ACHAMPET,ACHAMPET,8977751180
MAO,NAGARKURNOOL,ACHAMPET,AMRABAD,8977751183
MAO,NAGARKURNOOL,ACHAMPET,BALMOOR,8977751184
MAO,NAGARKURNOOL,ACHAMPET,LINGAL,8977751185
MAO,NAGARKURNOOL,ACHAMPET,PADARA,8977751186
MAO,NAGARKURNOOL,ACHAMPET,UPPUNUNTHALA,8977751187
MAO,NAGARKURNOOL,ACHAMPET,VANGOOR,8977751201
MAO,NAGARKURNOOL,KALWAKURTHY,CHARAKONDA,8977751204
MAO,NAGARKURNOOL,KALWAKURTHY,KALWAKURTHY,8977751209
MAO,NAGARKURNOOL,KALWAKURTHY,URKONDA,8977751210
MAO,NAGARKURNOOL,KALWAKURTHY,VELDANDA,8977751211
MAO,NAGARKURNOOL,KOLLAPUR,KODAIR,8977751266
MAO,NAGARKURNOOL,KOLLAPUR,KOLLAPUR,8977751267
MAO,NAGARKURNOOL,KOLLAPUR,PEDDAKOTHAPALLE,8977751268
MAO,NAGARKURNOOL,KOLLAPUR,PENTLAVELLI,8977751269
MAO,NAGARKURNOOL,NAGARKURNOOL,BIJINAPALLY,8977751271
MAO,NAGARKURNOOL,NAGARKURNOOL,NAGARKURNOOL,8977751272
MAO,NAGARKURNOOL,NAGARKURNOOL,TADOOR,8977751273
MAO,NAGARKURNOOL,NAGARKURNOOL,TELKAPALLY,8977751274
MAO,NAGARKURNOOL,NAGARKURNOOL,THIMMAJILPET,8977751293
MAO,NALGONDA,ANUMULA,ANUMULA,8977751343
MAO,NALGONDA,ANUMULA,GURRAMPODE,8977751344
MAO,NALGONDA,ANUMULA,NIDAMANUR,8977751348
MAO,NALGONDA,ANUMULA,PEDDAVOORA,8977751349
MAO,NALGONDA,ANUMULA,TIRUMALAGIRI (SAGAR),8977751350
MAO,NALGONDA,ANUMULA,TRIPURARAM,8977751357
MAO,NALGONDA,DEVARAKONDA,CHANDAMPETA,8977751308
MAO,NALGONDA,DEVARAKONDA,CHINTHA PALLE,8977751309
MAO,NALGONDA,DEVARAKONDA,DEVARAKONDA,8977751310
MAO,NALGONDA,DEVARAKONDA,GUNDLA PALLE,8977751311
MAO,NALGONDA,DEVARAKONDA,Gudipally,8977751460
MAO,NALGONDA,DEVARAKONDA,KONDA MALLEPALLY,8977751327
MAO,NALGONDA,DEVARAKONDA,NEREDUGOMMU,8977751328
MAO,NALGONDA,DEVARAKONDA,PEDA ADISHARLA PALLI,8977751329
MAO,NALGONDA,MIRYALAGUDA,ADAVIDEVULAPALLY,8977751360
MAO,NALGONDA,MIRYALAGUDA,DAMERCHERLA,8977751366
MAO,NALGONDA,MIRYALAGUDA,MADUGULAPALLY,8977751367
MAO,NALGONDA,MIRYALAGUDA,MIRYALAGUDA,8977751368
MAO,NALGONDA,MIRYALAGUDA,VEMULAPALLY,8977751369
MAO,NALGONDA,MUNUGODE,CHANDUR,8977751372
MAO,NALGONDA,MUNUGODE,Gattuppal,8977751400
MAO,NALGONDA,MUNUGODE,MARRI GUDA,8977751411
MAO,NALGONDA,MUNUGODE,MUNUGODE,8977751412
MAO,NALGONDA,MUNUGODE,NAMPALLY,8977751413
MAO,NALGONDA,NAKREKAL,CHITYAL,8977751428
MAO,NALGONDA,NAKREKAL,KATTANGUR,8977751429
MAO,NALGONDA,NAKREKAL,KETHEPALLY,8977751430
MAO,NALGONDA,NAKREKAL,NAKREKAL,8977751431
MAO,NALGONDA,NAKREKAL,NARKETPALLE,8977751432
MAO,NALGONDA,NAKREKAL,SHALIGOURARAM,8977751448
MAO,NALGONDA,NALGONDA,KANGAL,8977751451
MAO,NALGONDA,NALGONDA,NALGONDA,8977751452
MAO,NALGONDA,NALGONDA,TIPPARTHY,8977751457
MAO,NARAYANPET,KOSGI,Gundumal,8977751563
MAO,NARAYANPET,KOSGI,KOSGI,8977751564
MAO,NARAYANPET,KOSGI,Kothapalle,8977751565
MAO,NARAYANPET,KOSGI,MADDUR,8977751580
MAO,NARAYANPET,MAKTHAL,KRISHNA,8977751612
MAO,NARAYANPET,MAKTHAL,MAGANOOR,8977751613
MAO,NARAYANPET,MAKTHAL,MAKTHAL,8977751618
MAO,NARAYANPET,MAKTHAL,NARWA,8977751619
MAO,NARAYANPET,MAKTHAL,UTKOOR,8977751620
MAO,NARAYANPET,NARAYANPET,DAMARAGIDDA,8977751734
MAO,NARAYANPET,NARAYANPET,DHANWADA,8977751735
MAO,NARAYANPET,NARAYANPET,MARIKAL,8977751746
MAO,NARAYANPET,NARAYANPET,NARAYANPET,8977751747
MAO,NIRMAL,BHAINSA,BHAINSA,8977751753
MAO,NIRMAL,BHAINSA,KUBEER,8977751844
MAO,NIRMAL,BHAINSA,KUNTALA,8977751845
MAO,NIRMAL,KHANAPUR,DASTURABAD,8977751847
MAO,NIRMAL,KHANAPUR,KADDAM PEDDUR,8977751846
MAO,NIRMAL,KHANAPUR,KHANAPUR,8977751916
MAO,NIRMAL,KHANAPUR,PEMBI,8977751749
MAO,NIRMAL,MUDHOLE,BASAR,8977751750
MAO,NIRMAL,MUDHOLE,LOKESHWARAM,8977751771
MAO,NIRMAL,MUDHOLE,MUDHOLE,8977751755
MAO,NIRMAL,MUDHOLE,TANUR,8977751770
MAO,NIRMAL,NIRAMAL II,DILAWARPUR,8977751922
MAO,NIRMAL,NIRAMAL II,NARSAPUR (G),8977751923
MAO,NIRMAL,NIRAMAL II,SARANGAPUR,8977751920
MAO,NIRMAL,NIRAMAL II,SOAN,8977751917
MAO,NIRMAL,NIRMALU,LAXMANCHANDA,8977751924
MAO,NIRMAL,NIRMALU,MAMADA,8977751925
MAO,NIRMAL,NIRMALU,NIRMAL RURAL,8977751850
MAO,NIRMAL,NIRMALU,NIRMAL(U),8977751918
MAO,NIZAMABAD,ARMOOR,ARMOOR,8977752270
MAO,NIZAMABAD,ARMOOR,Aloor,8977752269
MAO,NIZAMABAD,ARMOOR,Donkeshwar,8464804090
MAO,NIZAMABAD,ARMOOR,MAKLOOR,8977752278
MAO,NIZAMABAD,ARMOOR,NANDIPET,8977752269
MAO,NIZAMABAD,BALKONDA,BALKONDA,8977752280
MAO,NIZAMABAD,BALKONDA,MENDORA,8977752384
MAO,NIZAMABAD,BALKONDA,MUPKAL,8977752386
MAO,NIZAMABAD,BALKONDA,YERGATLA,8977752406
MAO,NIZAMABAD,BHEEMGAL,BHEEMGAL,8977752280
MAO,NIZAMABAD,BHEEMGAL,KAMMARPALLY,8977752383
MAO,NIZAMABAD,BHEEMGAL,MORTHAD,8977752385
MAO,NIZAMABAD,BHEEMGAL,VAILPOOR,8977752405
MAO,NIZAMABAD,BODHAN,BODHAN,8977752407
MAO,NIZAMABAD,BODHAN,NAVIPET,8977752408
MAO,NIZAMABAD,BODHAN,RENJAL,8977752422
MAO,NIZAMABAD,BODHAN,Saloora,8977752410
MAO,NIZAMABAD,BODHAN,YEDAPALLY,8977752422
MAO,NIZAMABAD,INDALWAI,DHARPALLY,8977752423
MAO,NIZAMABAD,INDALWAI,INDALWAI,8977752445
MAO,NIZAMABAD,INDALWAI,SIRKONDA,8977752449
MAO,NIZAMABAD,NIZAMABAD RURAL,DICHPALLY,8977752425
MAO,NIZAMABAD,NIZAMABAD RURAL,JAKRANPALLE,8977752446
MAO,NIZAMABAD,NIZAMABAD RURAL,MUGPAL,8977752448
MAO,NIZAMABAD,NIZAMABAD RURAL,NIZAMABAD RURAL,8977752448
MAO,NIZAMABAD,NIZAMABAD SOUTH,NIZAMABAD NORTH,8977752450
MAO,NIZAMABAD,NIZAMABAD SOUTH,NIZAMABAD SOUTH,8977752450
MAO,NIZAMABAD,RUDRUR,Chandur,8977752772
MAO,NIZAMABAD,RUDRUR,KOTAGIRI,8977752547
MAO,NIZAMABAD,RUDRUR,Mosra,8977752772
MAO,NIZAMABAD,RUDRUR,Pothangal,8977752548
MAO,NIZAMABAD,RUDRUR,RUDRUR,8977752549
MAO,NIZAMABAD,RUDRUR,VARNI,8977752550
MAO,PEDDAPALLI,MANTHANI,KAMANPUR,8977752821
MAO,PEDDAPALLI,MANTHANI,MANTHANI,8977752822
MAO,PEDDAPALLI,MANTHANI,MUTHARAM MANTHANI,8977752823
MAO,PEDDAPALLI,MANTHANI,RAMAGIRI,8977752824
MAO,PEDDAPALLI,PEDDAPALLE,ELIGAID,8977752829
MAO,PEDDAPALLI,PEDDAPALLE,JULAPALLE,8977752830
MAO,PEDDAPALLI,PEDDAPALLE,ODELA,8977752831
MAO,PEDDAPALLI,PEDDAPALLE,PEDDAPALLE,8977752839
MAO,PEDDAPALLI,PEDDAPALLE,SRIRAMPUR,8977752856
MAO,PEDDAPALLI,PEDDAPALLE,SULTANABAD,8977752880
MAO,PEDDAPALLI,RAMAGUNDAM,ANTHERGAON,8977752825
MAO,PEDDAPALLI,RAMAGUNDAM,DHARMARAM,8977752840
MAO,PEDDAPALLI,RAMAGUNDAM,PALAKURTHY,8977752838
MAO,PEDDAPALLI,RAMAGUNDAM,RAMAGUNDAM,8977752840
MAO,RAJANNA SIRCILLA,SIRSILLA,GAMBHIRAOPET,8977755283
MAO,RAJANNA SIRCILLA,SIRSILLA,ILLANTHAKUNTA,8977755284
MAO,RAJANNA SIRCILLA,SIRSILLA,MUSTABAD,8977755285
MAO,RAJANNA SIRCILLA,SIRSILLA,SIRSILLA,8977755286
MAO,RAJANNA SIRCILLA,SIRSILLA,THANGALLAPALLI,8977755287
MAO,RAJANNA SIRCILLA,SIRSILLA,VEERNAPALLI,8977755286
MAO,RAJANNA SIRCILLA,SIRSILLA,YELLA REDDI PETA,8977755359
MAO,RAJANNA SIRCILLA,VEMULAWADA,BOINPALLE,8977755360
MAO,RAJANNA SIRCILLA,VEMULAWADA,CHANDURTHI,8977755361
MAO,RAJANNA SIRCILLA,VEMULAWADA,KONARAOPETA,8977755361
MAO,RAJANNA SIRCILLA,VEMULAWADA,RUDRANGI,8977755363
MAO,RAJANNA SIRCILLA,VEMULAWADA,VEMULAWADA,8977755370
MAO,RAJANNA SIRCILLA,VEMULAWADA,VEMULAWADA RURAL,8977755371
MAO,RANGAREDDY,AMANGAL,AMANGAL,8977753540
MAO,RANGAREDDY,AMANGAL,KADTHAL,8977753551
MAO,RANGAREDDY,AMANGAL,MADGUL,8977753552
MAO,RANGAREDDY,AMANGAL,TALAKONDAPALLY,8977753558
MAO,RANGAREDDY,CHEVELLA,CHEVELLA,8977753561
MAO,RANGAREDDY,CHEVELLA,MOINABAD,8977753562
MAO,RANGAREDDY,CHEVELLA,SHABAD,8977753590
MAO,RANGAREDDY,CHEVELLA,SHANKARPALLE,8977753589
MAO,RANGAREDDY,IBRAHIMPATNAM,ABDULLAPURMET,8977753709
MAO,RANGAREDDY,IBRAHIMPATNAM,HAYATHNAGAR,8977753719
MAO,RANGAREDDY,IBRAHIMPATNAM,IBRAHIMPATNAM,8977753720
MAO,RANGAREDDY,IBRAHIMPATNAM,MANCHAL,8977753830
MAO,RANGAREDDY,IBRAHIMPATNAM,YACHARAM,8977753831
MAO,RANGAREDDY,MAHESHWARAM,BALAPUR,8977753839
MAO,RANGAREDDY,MAHESHWARAM,KANDUKUR,8977753836
MAO,RANGAREDDY,MAHESHWARAM,MAHESHWARAM,8977753837
MAO,RANGAREDDY,MAHESHWARAM,SAROORNAGAR,8977753839
MAO,RANGAREDDY,RAJENDRANAGAR,GANDIPET,8977753887
MAO,RANGAREDDY,RAJENDRANAGAR,RAJENDRANAGAR,8977753887
MAO,RANGAREDDY,RAJENDRANAGAR,SERILINGAMPALLE,8977753887
MAO,RANGAREDDY,RAJENDRANAGAR,SHAMSHABAD,8977753890
MAO,RANGAREDDY,SHADNAGAR,FAROOQNAGAR,8977753903
MAO,RANGAREDDY,SHADNAGAR,JILLED CHOWDERGUDEM,8977753904
MAO,RANGAREDDY,SHADNAGAR,KESHAMPETA,8977753923
MAO,RANGAREDDY,SHADNAGAR,KONDURG,8977753924
MAO,RANGAREDDY,SHADNAGAR,KOTHUR,8977753925
MAO,RANGAREDDY,SHADNAGAR,NANDIGAMA,8977753926
MAO,SANGAREDDY,ANDOLE,ANDOLE,8977754342
MAO,SANGAREDDY,ANDOLE,Chowtakur,8977754344
MAO,SANGAREDDY,ANDOLE,HATHNOOR,8977754356
MAO,SANGAREDDY,ANDOLE,PULKAL,8977754357
MAO,SANGAREDDY,NARAYANKHED,KALHER,8977754438
MAO,SANGAREDDY,NARAYANKHED,KANGTI,8977754439
MAO,SANGAREDDY,NARAYANKHED,MANOOR,8977754450
MAO,SANGAREDDY,NARAYANKHED,NAGALGIDDA,8977754451
MAO,SANGAREDDY,NARAYANKHED,NARAYANKHED,8977754452
MAO,SANGAREDDY,NARAYANKHED,Nizampet,8977754453
MAO,SANGAREDDY,NARAYANKHED,SIRGAPOOR,8977754454
MAO,SANGAREDDY,PATANCHERU,AMEENPUR,8977754496
MAO,SANGAREDDY,PATANCHERU,GUMMADIDALA,8977754458
MAO,SANGAREDDY,PATANCHERU,JINNARAM,8977754459
MAO,SANGAREDDY,PATANCHERU,PATANCHERU,8977754460
MAO,SANGAREDDY,PATANCHERU,RAMACHANDRAPURAM,8977754496
MAO,SANGAREDDY,RAIKODE,MUNIPALLY,8977754498
MAO,SANGAREDDY,RAIKODE,RAIKODE,8977754500
MAO,SANGAREDDY,RAIKODE,VATPALLY,8977754536
MAO,SANGAREDDY,SANGAREDDY,KANDI,8977754539
MAO,SANGAREDDY,SANGAREDDY,KONDAPUR,8977754550
MAO,SANGAREDDY,SANGAREDDY,SADASIVPET,8977754551
MAO,SANGAREDDY,SANGAREDDY,SANGAREDDY,8977754552
MAO,SANGAREDDY,ZAHIRABAD,JHARASANGAM,8977754657
MAO,SANGAREDDY,ZAHIRABAD,KOHIR,8977754658
MAO,SANGAREDDY,ZAHIRABAD,MOGUDAMPALLY,8977754659
MAO,SANGAREDDY,ZAHIRABAD,NYALKAL,8977754660
MAO,SANGAREDDY,ZAHIRABAD,ZAHIRABAD,8977754667
MAO,SIDDIPET,CHERIYAL,CHERIYAL,8977755101
MAO,SIDDIPET,CHERIYAL,Dhoolmitta,7396353446
MAO,SIDDIPET,CHERIYAL,KOMURAVELLI,8977755145
MAO,SIDDIPET,CHERIYAL,MADDUR,8977755144
MAO,SIDDIPET,DUBBAK,Akbarpet-Bhoompally,8977755179
MAO,SIDDIPET,DUBBAK,DOULTABAD,8977755150
MAO,SIDDIPET,DUBBAK,DUBBAK,8977755147
MAO,SIDDIPET,DUBBAK,MIRDODDI,8977755148
MAO,SIDDIPET,DUBBAK,THOGUTA,8977755149
MAO,SIDDIPET,GAJWEL,GAJWEL,8977755197
MAO,SIDDIPET,GAJWEL,KONDAPAK,8977755198
MAO,SIDDIPET,GAJWEL,Kukunoorpally,8977755200
MAO,SIDDIPET,GAJWEL,RAIPOLE,8977755199
MAO,SIDDIPET,HUSNABAD,AKKANNAPET,8977755215
MAO,SIDDIPET,HUSNABAD,BEJJANKI,8977755216
MAO,SIDDIPET,HUSNABAD,HUSNABAD,8977755202
MAO,SIDDIPET,HUSNABAD,KOHEDA,8977755217
MAO,SIDDIPET,MULUG,JEAGDEVPUR,8977755243
MAO,SIDDIPET,MULUG,MARKOOK,8977755245
MAO,SIDDIPET,MULUG,MULUG,8977755242
MAO,SIDDIPET,MULUG,WARGAL,8977755244
MAO,SIDDIPET,SIDDIPET,CHINNAKODUR,8977755261
MAO,SIDDIPET,SIDDIPET,NANGANOOR,8977755262
MAO,SIDDIPET,SIDDIPET,Narayanraopet,8977755263
MAO,SIDDIPET,SIDDIPET,SIDDIPET (URBAN),8977755249
MAO,SIDDIPET,SIDDIPET,SIDDIPET RURAL,8977755248
MAO,SURYAPET,HUZURNAGAR,CHINTHALAPALEM (MALLAREDDYGUDEM),8977755632
MAO,SURYAPET,HUZURNAGAR,GARIDE PALLE,8977755633
MAO,SURYAPET,HUZURNAGAR,HUZURNAGAR,8977755686
MAO,SURYAPET,HUZURNAGAR,MATTAMPALLE,8977755687
MAO,SURYAPET,HUZURNAGAR,MELLACHERUVU,8977755707
MAO,SURYAPET,HUZURNAGAR,NEREDUCHERLA,8977755708
MAO,SURYAPET,HUZURNAGAR,PALAKEEDU,8977755709
MAO,SURYAPET,KODAD,ANANTHAGIRI,8977755712
MAO,SURYAPET,KODAD,CHILKUR,8977755713
MAO,SURYAPET,KODAD,KODAD,8977755742
MAO,SURYAPET,KODAD,MOTHEY,8977755743
MAO,SURYAPET,KODAD,MUNAGALA,8977755744
MAO,SURYAPET,KODAD,NADIGUDEM,8977755780
MAO,SURYAPET,SURYAPET,ATHMAKUR (S),8977755783
MAO,SURYAPET,SURYAPET,CHIVVEMLA,8977755790
MAO,SURYAPET,SURYAPET,PENPAHAD,8977755829
MAO,SURYAPET,SURYAPET,SURYAPET,8977755830
MAO,SURYAPET,THUNGATHURTHY,JAJIREDDY GUDEM,8977755373
MAO,SURYAPET,THUNGATHURTHY,MADDIRALA,8977755844
MAO,SURYAPET,THUNGATHURTHY,NAGARAM,8977755845
MAO,SURYAPET,THUNGATHURTHY,NOOTHANAKAL,8977755846
MAO,SURYAPET,THUNGATHURTHY,THIRUMALAGIRI,8977755847
MAO,SURYAPET,THUNGATHURTHY,THUNGATHURTHY,8977755848
MAO,VIKARABAD,KODANGAL,BOMRASPET,8919663181
MAO,VIKARABAD,KODANGAL,DOULATABAD,8977755948
MAO,VIKARABAD,KODANGAL,Dudyal,8977755949
MAO,VIKARABAD,KODANGAL,KODANGAL,8977755950
MAO,VIKARABAD,PARGI,Chowdapur,8977755961
MAO,VIKARABAD,PARGI,DOMA,8977755962
MAO,VIKARABAD,PARGI,KULKACHARLA,8977755963
MAO,VIKARABAD,PARGI,PARGI,8977755979
MAO,VIKARABAD,PARGI,PUDUR,8977755980
MAO,VIKARABAD,TANDUR,BASHEERABAD,8977755983
MAO,VIKARABAD,TANDUR,PEDDEMUL,8977756002
MAO,VIKARABAD,TANDUR,TANDUR,8977756003
MAO,VIKARABAD,TANDUR,YELAL,8977756004
MAO,VIKARABAD,VIKARABAD,BANTWARAM,8977756037
MAO,VIKARABAD,VIKARABAD,DHARUR,8977756038
MAO,VIKARABAD,VIKARABAD,KOTEPALLY,8977756051
MAO,VIKARABAD,VIKARABAD,MARPALLE,8977756058
MAO,VIKARABAD,VIKARABAD,MOMINPET,8977756059
MAO,VIKARABAD,VIKARABAD,NAWABPET,8977756072
MAO,VIKARABAD,VIKARABAD,VIKARABAD,8977756073
MAO,WANAPARTHY,KOTHAKOTA,AMARCHINTHA,8977756168
MAO,WANAPARTHY,KOTHAKOTA,ATMAKUR,8977756169
MAO,WANAPARTHY,KOTHAKOTA,KOTHAKOTA,8977756170
MAO,WANAPARTHY,KOTHAKOTA,MADANAPUR,8977756192
MAO,WANAPARTHY,PANGAL,CHINNAMBAVI,8977756193
MAO,WANAPARTHY,PANGAL,PANGAL,8977756194
MAO,WANAPARTHY,PANGAL,WEEPANAGANDLA,8977756195
MAO,WANAPARTHY,WANAPARTHY,GHANPUR,8977756196
MAO,WANAPARTHY,WANAPARTHY,GOPALPET,8977756200
MAO,WANAPARTHY,WANAPARTHY,PEBBAIR,8977756206
MAO,WANAPARTHY,WANAPARTHY,PEDDAMANDADI,8977756209
MAO,WANAPARTHY,WANAPARTHY,REVALLY,8977756210
MAO,WANAPARTHY,WANAPARTHY,SRIRANGAPUR,8977756211
MAO,WANAPARTHY,WANAPARTHY,WANAPARTHY,8977756212
MAO,WANAPARTHY,WANAPARTHY,Yedula,8977756213
MAO,WARANGAL,NARSAMPET,CHENNARAOPET,8977756242
MAO,WARANGAL,NARSAMPET,DUGGONDI,8977756243
MAO,WARANGAL,NARSAMPET,KHANAPUR,8977756244
MAO,WARANGAL,NARSAMPET,NALLABELLY,8977756273
MAO,WARANGAL,NARSAMPET,NARSAMPET,8977756241
MAO,WARANGAL,NARSAMPET,NEKKONDA,8977756274
MAO,WARANGAL,WARDHANNAPET,GEESUGONDA,8977756278
MAO,WARANGAL,WARDHANNAPET,KHILA WARANGAL,8977756412
MAO,WARANGAL,WARDHANNAPET,PARVATHAGIRI,8977756279
MAO,WARANGAL,WARDHANNAPET,RAIPARTHY,8977756280
MAO,WARANGAL,WARDHANNAPET,SANGEM,8977756334
MAO,WARANGAL,WARDHANNAPET,WARANGAL,8977756335
MAO,WARANGAL,WARDHANNAPET,WARDHANNAPET,8977756277
MAO,YADADRI BHUVANAGIRI,ALAIR,ADDAGUDUR,8977756440
MAO,YADADRI BHUVANAGIRI,ALAIR,ALAIR,
MAO,YADADRI BHUVANAGIRI,ALAIR,ATHMAKUR(M),8977756442
MAO,YADADRI BHUVANAGIRI,ALAIR,GUNDALA,8977756443
MAO,YADADRI BHUVANAGIRI,ALAIR,MOTHKUR,8977756450
MAO,YADADRI BHUVANAGIRI,BHONGIR,B.POCHAMPALLY,8977756915
MAO,YADADRI BHUVANAGIRI,BHONGIR,BHONGIR,8977756454
MAO,YADADRI BHUVANAGIRI,BHONGIR,BIBINAGAR,8977756455
MAO,YADADRI BHUVANAGIRI,BHONGIR,CHOUTUPPAL,8977756916
MAO,YADADRI BHUVANAGIRI,BHONGIR,NARAYANAPOOR,8977756917
MAO,YADADRI BHUVANAGIRI,BHONGIR,RAMANNAPETA,8977756918
MAO,YADADRI BHUVANAGIRI,BHONGIR,VALIGONDA,8977756924
MAO,YADADRI BHUVANAGIRI,YADAGIRIGUTTA,BOMMALARAMARAM,8977756988
MAO,YADADRI BHUVANAGIRI,YADAGIRIGUTTA,MOTAKONDUR,8977756989
MAO,YADADRI BHUVANAGIRI,YADAGIRIGUTTA,RAJAPET,8977756990
MAO,YADADRI BHUVANAGIRI,YADAGIRIGUTTA,THURKAPALLY,8977756991
MAO,YADADRI BHUVANAGIRI,YADAGIRIGUTTA,YADAGIRIGUTTA,8977756993
