district_code,district_name,block_mandal_code,block_mandal_name,villages,polygon_features,area_sq_km,area_acres,min_lon,min_lat,max_lon,max_lat
01,ADILABAD,0103,ADILABAD,46,46,363.638104410971,89856.93250646988,78.4717179063023,19.5244064680614,78.75113568581824,19.748299993748052
01,ADILABAD,0137,ASIFABAD,67,68,380.013038316586,93903.26679571651,79.05866854447896,19.24268587892274,79.39402747780677,19.43852534760432
01,ADILABAD,0110,BAZARHATHNOOR,33,33,286.69539776250497,70843.9756289845,78.26893643265396,19.385270113892098,78.49225263898883,19.579413349140324
01,ADILABAD,0147,BEJJUR,48,48,606.462186473252,149860.06993388408,79.70812822151355,19.198748316473445,79.97965062951126,19.501907937549447
01,ADILABAD,0105,BELA,52,52,253.299387324737,62591.6417302784,78.68157526374688,19.56588047672728,78.85977144824753,19.781933370787677
01,ADILABAD,0142,BELLAMPALLE,17,17,147.060428979326,36339.423401661326,79.42489756868162,18.977692561822362,79.58775500987433,19.134944993356026
01,ADILABAD,0116,BHAINSA,34,34,249.765258016754,61718.33935947497,77.87943515409034,19.03172902360574,78.09094205256991,19.21711079377434
01,ADILABAD,0144,BHIMINI,38,38,262.557201906018,64879.29753393812,79.50382486264759,19.08080536201913,79.75004909594038,19.29039394526614
01,ADILABAD,0111,BOATH,40,40,318.072032726367,78597.31098088561,78.17201475755682,19.26036863297844,78.39388792936215,19.451065212646295
01,ADILABAD,0151,CHENNUR,35,35,320.033804046272,79082.07523124208,79.66413134780203,18.681368817762486,79.84815090798173,18.96074071848056
01,ADILABAD,0148,DAHEGAON,40,40,339.63506943375296,83925.65339205472,79.55072945080872,19.15105303831288,79.9467922331636,19.353167929259495
01,ADILABAD,0131,DANDEPALLE,32,32,202.14708628211702,49951.632868218505,79.08720915176694,18.8821390164756,79.23834925926161,19.094885624789708
01,ADILABAD,0120,DILAWARPUR,34,34,220.85958851945202,54575.592871780354,78.13843206580748,18.97823287998837,78.32058771863258,19.1625674987162
01,ADILABAD,0108,GUDIHATHNOOR,23,23,144.322513569516,35662.8697698954,78.44250660526808,19.444053173867136,78.58383067037592,19.605772799662752
01,ADILABAD,0109,ICHODA,46,46,281.00315151033703,69437.39094743748,78.40239745271057,19.27036564838297,78.61360413490888,19.473787173538497
01,ADILABAD,0107,INDERAVELLY,36,36,353.924990477711,87456.76978275763,78.54664776524595,19.298841834714217,78.78507844432339,19.571856881332106
01,ADILABAD,0104,JAINAD,56,56,286.443968600783,70781.84613006521,78.48573831547115,19.606837702297238,78.71789873627358,19.824505320471744
01,ADILABAD,0127,JAINOOR,26,26,196.174363062813,48475.74081871459,78.82500091072706,19.321597274092262,79.03138952876594,19.48817131119764
01,ADILABAD,0152,JAIPUR,38,38,465.145996461119,114940.07889344955,79.49630344271118,18.670342551563063,79.736548811893,18.946826272085733
01,ADILABAD,0130,JANNARAM,26,26,363.409679273358,89800.48742570334,78.85776510312544,19.01931817507588,79.14857409055526,19.235691554589028
01,ADILABAD,0125,KADDAM (PEDDUR),40,40,562.1014858343591,138898.30208035972,78.68885342697067,19.010592027206116,78.96828054858152,19.305905617657988
01,ADILABAD,0139,KAGAZNAGAR,41,41,486.1752168642,120136.51242310998,79.36952643496704,19.26432647837456,79.74772792408545,19.53837982811877
01,ADILABAD,0135,KASIPET,22,22,386.400738748445,95481.701947629,79.21658406528502,18.965902221678302,79.48613395253196,19.153902601894252
01,ADILABAD,0128,KERAMERI,51,51,338.60350354217104,83670.74790890684,78.93551745570082,19.35826168653871,79.20442666541881,19.560405007099607
01,ADILABAD,0124,KHANAPUR,35,35,551.3653117929421,136245.3356983575,78.48593331884962,18.97722815630649,78.75114726490443,19.326055702854976
01,ADILABAD,0150,KOTAPALLE,37,37,413.65905152010396,102217.37772322109,79.69123531062586,18.8245212121143,79.96249578830609,19.061344134781226
01,ADILABAD,0146,KOUTHALA,32,32,280.368061733662,69280.4568459063,79.63183678644097,19.426007922420784,79.89309297143578,19.608656564480754
01,ADILABAD,0115,KUBEER,40,40,278.480128699063,68813.93843320727,77.84794967842844,19.14533808840615,78.05565114298409,19.341747630855632
01,ADILABAD,0114,KUNTALA,30,30,230.069231692065,56851.34526112537,78.02048731870619,19.076167341138788,78.23260966120182,19.254313846915412
01,ADILABAD,0122,LAXMANCHANDA,22,22,126.422164572992,31239.597202713943,78.37030641393093,18.956011737145452,78.52510811519828,19.09714996440705
01,ADILABAD,0119,LOKESWARAM,30,30,223.4568938955,55217.401007515415,78.00346040228592,18.928421416003253,78.2319936055571,19.085793789468006
01,ADILABAD,0132,LUXETTIPET,22,22,134.88333015962598,33330.396752655986,79.17118369331368,18.83165106159134,79.30054510689297,18.985473309186368
01,ADILABAD,0123,MAMDA,34,34,308.91338526000504,76334.15990498694,78.4075460697398,18.945220437314443,78.61822040889501,19.226795022097868
01,ADILABAD,0133,MANCHERIAL,29,29,317.769646361304,78522.58968279626,79.26699333360779,18.796086097815873,79.51888222976127,19.01036143521215
01,ADILABAD,0134,MANDAMARRI,14,14,161.698283040229,39956.515913241456,79.41832956517659,18.889017922077127,79.59384648112518,19.01590620394666
01,ADILABAD,0118,MUDHOLE,39,39,292.079372534883,72174.38476892255,77.87366096416889,18.844390830483018,78.05216782423858,19.053145532922187
01,ADILABAD,0106,NARNOOR,57,57,448.17620979872197,110746.75328682152,78.74677952057166,19.418753300340303,78.97967148991043,19.67149490606157
01,ADILABAD,0143,NENNAL,33,33,269.107491288168,66497.90929043463,79.5257974845035,18.93089928694549,79.73088752863264,19.12517747109121
01,ADILABAD,0112,NERADIGONDA,44,44,320.778938546412,79266.20197614352,78.28953681852123,19.172422374913225,78.55499853530928,19.393072911569586
01,ADILABAD,0121,NIRMAL,42,42,221.833460488438,54816.24187617682,78.27599941810543,18.942728793397883,78.43372530042271,19.181688516974518
01,ADILABAD,0140,REBBANA,33,33,264.006477726246,65237.4213883467,79.31904868792574,19.17642695456643,79.54986234141097,19.350755487703534
01,ADILABAD,0113,SARANGAPUR,30,30,252.371773009884,62362.423241152246,78.17715697696238,19.117663232299225,78.37609480094288,19.316712787937636
01,ADILABAD,0129,SIRPUR,29,29,316.27286040854597,78152.7258189653,78.86044835774365,19.20867051305013,79.09186410312404,19.42265445003982
01,ADILABAD,0145,SIRPUR (T),28,28,358.02885011396995,88470.85558366311,79.45380162655579,19.382893655736073,79.7500867687428,19.575313348891278
01,ADILABAD,0101,TALAMADUGU,31,31,285.57954375109,70568.24209783213,78.26271282736336,19.534798230724252,78.50110838441695,19.716742685897806
01,ADILABAD,0102,TAMSI,33,33,285.505656562333,70549.98417586878,78.28508661826484,19.661689107798697,78.50938773029297,19.916979744278287
01,ADILABAD,0141,TANDUR,26,26,184.00457283128802,45468.520161178225,79.3222547398736,19.087648164406048,79.57010813591125,19.227184969120824
01,ADILABAD,0117,TANOOR,33,33,221.589605985796,54755.98411627898,77.76185491065083,18.90342678290199,77.9042949611788,19.16375030128412
01,ADILABAD,0136,TIRYANI,41,41,556.627045557963,137545.53842754167,79.05424434546494,19.04875012457975,79.39140507410313,19.315866599686633
01,ADILABAD,0126,UTNOOR,42,42,391.402532577989,96717.67211989858,78.66868487604053,19.21376600100475,78.88531896328988,19.507713480805077
01,ADILABAD,0149,VEMANPALLE,35,35,264.606347366895,65385.65240472985,79.69704829237637,18.99366624964722,79.93125334472158,19.19015652116801
01,ADILABAD,0138,WANKDI,40,40,342.99337557995204,84755.50891339475,79.192589520688,19.37834421198629,79.42289534315304,19.616788088889418
06,HYDERABAD,0600,MCH,1,1,174.634208735055,43153.052766692344,78.38198826049211,17.2912456100856,78.5430516065291,17.484305856216395
03,KARIMNAGAR,0346,BEJJANKI,26,26,308.000516380141,76108.58509219864,78.96928486916275,18.18893546901552,79.16388346718074,18.443626895566055
03,KARIMNAGAR,0356,BHEEMADEVARPALLE,15,15,197.025879588364,48686.15513458647,79.2208535026651,17.983701180348934,79.41193414270435,18.158577213346764
03,KARIMNAGAR,0338,BOINPALLE,16,16,141.08693917911302,34863.34192588947,78.89089703761773,18.391931803984516,79.0045310463917,18.584940528887454
03,KARIMNAGAR,0325,CHANDURTHI,12,12,205.543010420376,50790.78399783655,78.6063469969574,18.50918789756239,78.85139582197365,18.64107218484312
03,KARIMNAGAR,0353,CHIGURUMAMIDI,11,11,137.980728751045,34095.780613144445,79.10603184883718,18.15764188121083,79.26056038535557,18.285207083934147
03,KARIMNAGAR,0330,CHOPPADANDI,12,12,141.205721836183,34892.69375967644,79.09668234374503,18.51690477169495,79.22437549754291,18.664101880983463
03,KARIMNAGAR,0305,DHARMAPURI,23,23,268.612801690421,66375.66882867551,78.98917546699288,18.833483499063195,79.18543303399422,19.07594890702517
03,KARIMNAGAR,0318,DHARMARAM,17,17,207.741529318713,51334.049848872884,79.11568598895308,18.617323385425294,79.33601875525899,18.761098812365283
03,KARIMNAGAR,0317,ELIGEDU,9,9,81.460052409851,20129.217325071513,79.2144012901748,18.506149490695524,79.3256139952959,18.612466689792107
03,KARIMNAGAR,0351,ELKATHURTHI,13,13,137.64304022364,34012.335960762946,79.36713411250331,18.032117489085532,79.56418210432169,18.169959828447393
03,KARIMNAGAR,0345,ELLANTHAKUNTA,22,22,246.711881416504,60963.83356990728,78.81716109522539,18.206483933188103,79.02433594655596,18.401704155201237
03,KARIMNAGAR,0342,GAMBHIRAOPET,18,18,163.750071256336,40463.52382307241,78.52102768044232,18.222489758511536,78.64583281524654,18.427013640835895
03,KARIMNAGAR,0327,GANGADHARA,19,19,160.428282134271,39642.69185491106,78.95201040319769,18.41683979648362,79.08231995650158,18.68254082412881
03,KARIMNAGAR,0319,GOLLAPALLE,22,22,154.68186731697,38222.72182941333,78.95730570700216,18.733716818793337,79.15745882420823,18.855366128680195
03,KARIMNAGAR,0355,HUSNABAD,24,24,275.606035115586,68103.73444188984,79.09843966507326,17.98829102748549,79.29890419944388,18.177645686643018
03,KARIMNAGAR,0349,HUZURABAD,12,12,135.669280336003,33524.60927080381,79.33527398899527,18.151350068484074,79.48576341240936,18.2823962797594
03,KARIMNAGAR,0301,IBRAHIMPATNAM,18,18,171.83729969413,42461.921491205605,78.51362870362323,18.80378581249978,78.6449797441974,19.005102398502494
03,KARIMNAGAR,0320,JAGTIAL,25,25,216.000405343389,53374.86255944047,78.83030656734095,18.73435827428947,79.02154777477504,18.91231823367009
03,KARIMNAGAR,0333,JAMMIKUNTA,19,19,223.643687397148,55263.55868699573,79.40814200831046,18.224538631134152,79.58003825484323,18.419526964895862
03,KARIMNAGAR,0317,JULAPALLE,6,6,93.44547648377801,23090.88011290499,79.18251184875965,18.563926326811607,79.32203024958359,18.68227260107764
03,KARIMNAGAR,0350,KAMALAPUR,16,16,154.432649310887,38161.1387189517,79.45687885974263,18.119964557886586,79.61319838539129,18.265428505577734
03,KARIMNAGAR,0308,KAMANPUR,25,25,241.41068821201398,59653.88020088063,79.40039348598896,18.531687607855847,79.64564535454632,18.77694413087604
03,KARIMNAGAR,0336,KARIMNAGAR,30,30,216.816782819906,53576.59382719641,78.98476560608184,18.40023859434878,79.23393200424347,18.5375024000366
03,KARIMNAGAR,0310,KATARAM,31,31,289.24451294957703,71473.87570968967,79.80690244014403,18.50759754308969,80.02927420578102,18.745679353241854
03,KARIMNAGAR,0324,KATHLAPUR,19,19,176.451485077706,43602.11153057437,78.6296233800113,18.626530426730188,78.75741711906234,18.7890572675224
03,KARIMNAGAR,0326,KODIMIAL,15,15,173.546817720043,42884.35259512383,78.785163760915,18.55870952209317,78.98975705945826,18.68368437472759
03,KARIMNAGAR,0354,KOHEDA,16,16,206.451499100152,51015.2764396112,79.0045363957368,18.076517832768772,79.15991679729169,18.272399112980267
03,KARIMNAGAR,0340,KONARAOPETA,20,20,201.523736256672,49797.59972239335,78.59133470048359,18.40917864717353,78.81108742444357,18.58125829091316
03,KARIMNAGAR,0322,KORATLA,16,16,144.826590825264,35787.42997246593,78.64039152742126,18.77887554701611,78.80649612679161,18.899583872659786
03,KARIMNAGAR,0311,MAHADEVPUR,48,49,533.107425197569,131733.7136664236,79.81531283713936,18.58487196387736,80.34772661977988,18.87043280810766
03,KARIMNAGAR,0313,MALHARRAO,22,22,312.398204121121,77195.27739900698,79.68375734311797,18.409631656302473,79.92633253264438,18.64229216657997
03,KARIMNAGAR,0302,MALLAPUR,22,22,220.034312012993,54371.66260583592,78.62765702418585,18.872506225586193,78.8071043819785,19.038701880871752
03,KARIMNAGAR,0328,MALLIAL,15,15,154.275971346462,38122.422750784965,78.83042230044573,18.64824980452235,79.01281482756981,18.761880831774274
03,KARIMNAGAR,0335,MANAKONDUR,18,18,201.52123032456,49796.98049308288,79.15758857274852,18.309942113776717,79.34952296846154,18.47805666443688
03,KARIMNAGAR,0309,MANTHANI,35,35,315.465254506709,77953.16205451672,79.5631611017572,18.56739889241438,79.83317382878542,18.741681395398835
03,KARIMNAGAR,0321,MEDIPALLE,19,19,215.77109539481899,53318.19883712487,78.72580687422528,18.617744244803895,78.8538818799868,18.894581125561277
03,KARIMNAGAR,0323,METPALLE,17,17,150.205197647479,37116.512663031266,78.55074505962057,18.722667220492387,78.67847939220366,18.892091705002564
03,KARIMNAGAR,0343,MUSTABAD,16,16,163.375979396977,40371.083711461746,78.62919480345809,18.214266009984513,78.77146713548761,18.364381724230256
03,KARIMNAGAR,0312,MUTHARAM (MAHADEVPUR),22,22,586.866739644223,145017.92957017734,79.93110507158768,18.348558818622678,80.26780998321766,18.68042985340942
03,KARIMNAGAR,0314,MUTHARAM (MANTHANI),18,18,170.756923384754,42194.95469114916,79.55922393417866,18.462972495538498,79.72999615204209,18.654082970109652
03,KARIMNAGAR,0332,ODELA,11,11,160.331804773389,39618.85177984737,79.37153942690558,18.380837711986825,79.55567039362806,18.533023758546616
03,KARIMNAGAR,0316,PEDDAPALLE,23,23,244.24673745037,60354.683229784256,79.30746107833565,18.52700089383817,79.49080466073838,18.704738836254574
03,KARIMNAGAR,0329,PEGADAPALLE,16,16,138.545945398576,34235.44868844418,79.00810908073126,18.638661229426113,79.14302995233105,18.780766772601293
03,KARIMNAGAR,0303,RAIKAL,20,20,261.25626321434703,64557.82858226737,78.73173333733948,18.835019841436917,78.93427585079081,19.070406080237102
03,KARIMNAGAR,0337,RAMADUGU,19,19,136.468681003068,33722.14547758402,79.02143763399839,18.46846667539671,79.12928930304707,18.67076099862728
03,KARIMNAGAR,0307,RAMAGUNDAM,31,31,322.66870177442297,79733.1726394838,79.28917521486956,18.670496713869593,79.54639190139166,18.85745459442663
03,KARIMNAGAR,0352,SAIDAPUR,14,14,145.915054138066,36056.39511458888,79.23598588014772,18.136037749845155,79.37384409002892,18.261016883622307
03,KARIMNAGAR,0304,SARANGAPUR,23,24,248.18051290883201,61326.740315053685,78.87536452288542,18.85013276277607,79.02111236900113,19.077679968319647
03,KARIMNAGAR,0348,SHANKARAPATNAM,17,17,143.48709650969602,35456.433718644395,79.26312872606086,18.233726954280762,79.4095915864741,18.367897701852804
03,KARIMNAGAR,0344,SIRCILLA,22,22,235.11345680099902,58097.800430874755,78.7306310475344,18.252663601290664,78.94170790587363,18.438407753796373
03,KARIMNAGAR,0315,SRIRAMPUR,18,18,192.984237453321,47687.4436130529,79.4373984416382,18.40739766896546,79.59374596365383,18.606718375042714
03,KARIMNAGAR,0331,SULTANABAD,21,21,175.784617969351,43437.3250793764,79.21346781756243,18.432000948675565,79.39894019777705,18.606533298829333
03,KARIMNAGAR,0347,TIMMAPUR (LMD COLONY),14,14,138.277104229285,34169.01658875245,79.10166373987933,18.254422138986353,79.26810713579697,18.42266420757065
03,KARIMNAGAR,0334,VEENAVANKA,14,14,145.002713233775,35830.95076740596,79.31718264497032,18.28586765836273,79.47229059455778,18.44693815615804
03,KARIMNAGAR,0306,VELGATOOR,24,24,185.43184615996,45821.207081517634,79.12933335081124,18.725815362166593,79.30490757998942,18.868350476957758
03,KARIMNAGAR,0339,VEMULAWADA,23,23,188.894258956297,46676.787916353285,78.77449650741764,18.40406228367718,78.92041943772661,18.595382505545746
03,KARIMNAGAR,0341,YELLAREDDIPET,24,24,291.854265482207,72118.7596048001,78.53002148527567,18.319059384548776,78.75680332044345,18.555428832558572
10,KHAMMAM,1007,ASWAPURAM,12,12,271.928627048363,67195.02711862828,80.70261665928207,17.691083714104987,80.88355553872455,17.94061542466069
10,KHAMMAM,1027,ASWARAOPETA,21,21,545.119381746125,134701.93277152153,81.00029477658438,17.21433051523946,81.31614891009158,17.492655219405968
10,KHAMMAM,1021,BAYYARAM,18,18,348.00367918201397,85993.5818962486,80.04563169686845,17.49337189524314,80.26448960919832,17.751550831771503
10,KHAMMAM,1009,BHADRACHALAM,19,19,14.080706470444,3479.418343706248,80.8728073148236,17.639899625593937,81.08938585362948,17.757141089717138
10,KHAMMAM,1044,BONAKAL,18,18,158.268106207618,39108.90075851928,80.19782278835353,16.94179119474358,80.36720919506168,17.113703017815883
10,KHAMMAM,1015,BURGAMPAHAD,16,16,195.272691760672,48252.93298764105,80.72691705999395,17.591520793461047,80.91841283397294,17.756425077321676
10,KHAMMAM,1025,CHANDRUGONDA,21,21,356.878498690304,88186.59755629684,80.55842174736357,17.25645285421127,80.87522419434876,17.42789072763094
10,KHAMMAM,1003,CHERLA,65,72,499.05380001465596,123318.87962526002,80.72668050918678,17.933452265223774,80.98628855593448,18.238418669725263
10,KHAMMAM,1042,CHINTHAKANI,16,16,187.340264625212,46292.78755437271,80.1579152238192,17.016670896358303,80.30714199662621,17.238841479261964
10,KHAMMAM,1028,DAMMAPETA,23,23,468.613363895201,115796.8840459352,80.8601177957566,17.19000347195733,81.08884184813681,17.562809634057718
10,KHAMMAM,1008,DUMMUGUDEM,88,88,330.564767346473,81684.33293475497,80.8642210271194,17.6962313333165,81.09576625054791,17.951100687123233
10,KHAMMAM,1034,ENKURU,12,12,232.507877490804,57453.947761486066,80.32080504144518,17.24742096173553,80.5126791549423,17.42899012078422
10,KHAMMAM,1022,GARLA,12,12,125.863349968113,31101.511106605896,80.08517277361089,17.427784189780464,80.22720564420774,17.56585064121434
10,KHAMMAM,1005,GUNDALA,23,23,1003.021346546759,247851.97245814672,80.24829899510475,17.73491102484942,80.73643643177009,18.080648449920325
10,KHAMMAM,1024,JULURPAD,9,9,240.256733812767,59368.73185885899,80.40864876394284,17.272412214926455,80.57049048498585,17.499044629211394
10,KHAMMAM,1032,KALLUR,24,24,302.546481303417,74760.86367402946,80.41631229287229,17.030400310546142,80.62489467249549,17.3221079253172
10,KHAMMAM,1023,KAMEPALLE,14,14,165.801441310156,40970.42840275192,80.1590651108172,17.36251170300751,80.36807155036252,17.475440717458948
10,KHAMMAM,1037,KHAMMAM (RURAL),23,23,231.904862956226,57304.939624888924,80.01627207522714,17.17866061631151,80.19007154826254,17.393585112277194
10,KHAMMAM,1036,KHAMMAM (URBAN),18,18,250.390396258698,61872.814383220255,80.12361287102746,17.18601093630225,80.35395246474047,17.40353171776573
10,KHAMMAM,1035,KONIJERLA,18,18,231.423650298452,57186.02938752285,80.22839257659237,17.1261163492622,80.38641129927598,17.354071067035438
10,KHAMMAM,1017,KOTHAGUDEM,26,26,550.890949875156,136128.1183157095,80.4541179130009,17.397444243092583,80.75241444732022,17.8206980936503
10,KHAMMAM,1014,KUKUNOOR,7,7,0.000337477044,0.08339239369403134,80.95592695359727,17.456339247724156,81.15664007860924,17.59243452130901
10,KHAMMAM,1039,KUSUMANCHI,18,18,212.02727701266198,52393.08116765818,79.8724356134354,17.118396546750223,80.03853822546067,17.293622652317797
10,KHAMMAM,1045,MADHIRA,25,25,205.293257989241,50729.068828068586,80.31195032770592,16.8158165633401,80.46880399144993,17.07466772113298
10,KHAMMAM,1006,MANUGURU,13,13,194.00179211136998,47938.88684499379,80.67672473395723,17.880130258561433,80.8839393097253,18.02771604663735
10,KHAMMAM,1041,MUDIGONDA,23,23,205.147374353301,50693.02019655981,80.0004807655826,16.984970169707108,80.17336942534655,17.220130019408273
10,KHAMMAM,1026,MULKALAPALLE,16,16,479.538260969481,118496.48490496469,80.73002667105233,17.333910077083587,80.96737913826945,17.594065748226733
10,KHAMMAM,1040,NELAKONDAPALLE,23,23,190.213847632375,47002.86537953529,79.96495291394604,16.968141293545052,80.11224804191284,17.174986651886723
10,KHAMMAM,1016,PALWANCHA,24,24,504.93726780273,124772.71617738181,80.5787663707152,17.470769579149692,80.8918397188103,17.897952512230297
10,KHAMMAM,1031,PENUBALLI,22,22,250.046476060131,61787.82985135909,80.58908654003343,17.096896207468784,80.77425685539207,17.302036152650228
10,KHAMMAM,1004,PINAPAKA,27,27,550.003508690069,135908.8268231389,80.43287294950726,17.90256992104894,80.76430092093935,18.17974414802217
10,KHAMMAM,1029,SATHUPALLE,16,16,270.561702891942,66857.25280351918,80.75488356384706,17.118514008113447,80.92529688623578,17.34238474414294
10,KHAMMAM,1020,SINGARENI,13,13,252.923868232107,62498.84894164586,80.19502415348545,17.418743793526815,80.47081675614749,17.59986745939385
10,KHAMMAM,1033,TALLADA,19,19,178.722022893768,44163.17364374799,80.37848435541804,17.09246080624384,80.51973222643933,17.300039662497387
10,KHAMMAM,1018,TEKULAPALLE,7,7,425.761609211459,105207.98485827175,80.3773082852318,17.506250793973077,80.60364891091979,17.767066393577768
10,KHAMMAM,1038,THIRUMALAYAPALEM,25,25,235.235353174072,58127.92168064242,79.80156423374903,17.262478365493013,80.0602442872902,17.40649182188019
10,KHAMMAM,1013,VELAIRPADU,4,4,0.000157014983,0.03879924727027548,81.15864451473733,17.395946727576803,81.25796631525039,17.471261994605545
10,KHAMMAM,1030,VEMSOOR,14,14,208.244532914889,51458.344744385315,80.64964235698955,17.039238902359145,80.8768129000751,17.17846407650895
10,KHAMMAM,1002,VENKATAPURAM,75,75,632.500477683397,156294.2718161201,80.46430720685882,18.085518880570948,80.7939971157026,18.448530931074554
10,KHAMMAM,1001,WAZEED,63,63,569.227027247833,140659.06170949628,80.3749997601948,18.361364822590154,80.68748993410564,18.629432139870687
10,KHAMMAM,1043,WYRA,22,22,139.730155644212,34528.07341292939,80.28488011144728,17.049390234299292,80.43185090653995,17.20202675227592
10,KHAMMAM,1019,YELLANDU,8,8,453.4808907182311,112057.5684889984,80.20758187706235,17.48493140236092,80.42901156453324,17.78148792063542
10,KHAMMAM,1046,YERRUPALEM,25,25,265.058162970365,65497.29847177812,80.42800191575573,16.768596616827665,80.61166375299842,16.96182821495156
07,MAHABUBNAGAR,0744,ACHAMPET,23,23,502.24547899248,124107.56067659594,78.5803033846009,16.32244447927501,79.06765769148198,16.552355361461135
07,MAHABUBNAGAR,0726,ADDAKAL,21,21,204.357270371689,50497.78125078486,77.85779493663543,16.483492190397385,78.03002940028529,16.693258983947896
07,MAHABUBNAGAR,0762,ALAMPUR,26,26,279.52296522859297,69071.62895164467,77.99684721306706,15.837311581574191,78.25321863704487,16.06183447488992
07,MAHABUBNAGAR,0716,AMANGAL,16,16,279.187881235256,68988.82789364758,78.44194341039618,16.809240501424405,78.66293180969019,17.018305043340327
07,MAHABUBNAGAR,0745,AMRABAD,18,18,1857.654446550328,459036.4106489947,78.48871223323557,16.00958300708937,79.23426313423275,16.46692595737992
07,MAHABUBNAGAR,0735,ATMAKUR,26,26,201.496447628753,49790.85655558171,77.70484004218956,16.194141957942673,77.92952345858579,16.432958835833954
07,MAHABUBNAGAR,0710,BALANAGAR,37,37,298.364091451881,73727.37263432126,78.0772639919964,16.82139788989577,78.30428589282968,17.01639058706083
07,MAHABUBNAGAR,0746,BALMOOR,21,21,236.511933686718,58443.37159519336,78.49330359376647,16.220008891102495,78.67265114446072,16.45660821112293
07,MAHABUBNAGAR,0724,BHOOTHPUR,17,17,181.61436909563,44877.887955294216,77.95492915841706,16.59661953919468,78.15191286643923,16.74821947632725
07,MAHABUBNAGAR,0739,BIJINAPALLE,24,24,265.972365022475,65723.20271860283,78.10100131655095,16.424675726066724,78.28124429845954,16.632098361897807
07,MAHABUBNAGAR,0702,BOMRASPET,27,28,234.964827185772,58061.07325310677,77.61381886847416,17.022501035953958,77.79049545560747,17.237737673597856
07,MAHABUBNAGAR,0734,CHINNACHINTAKUNTA,23,23,205.29818764912,50730.28697355349,77.73162234370143,16.36263933569361,77.86992210057306,16.62822400439175
07,MAHABUBNAGAR,0705,DAMARAGIDDA,28,28,213.320399244004,52712.61862991761,77.45381181240617,16.7522376730021,77.61806869087827,16.96528603104716
07,MAHABUBNAGAR,0727,DEVARKADRA,28,28,250.868280820091,61990.90223006054,77.76166741826022,16.446252068741785,77.92406205760747,16.748677935771884
07,MAHABUBNAGAR,0728,DHANWADA,18,18,245.292662089107,60613.13683662527,77.61203392351618,16.563368582313146,77.79612306247981,16.75869263681066
07,MAHABUBNAGAR,0755,DHARUR,25,25,338.341848975302,83606.09165734805,77.4906176638301,16.155086484463105,77.75104108313512,16.363941082178247
07,MAHABUBNAGAR,0704,DOULATHABAD,26,26,199.702873118871,49347.654642127534,77.47654482114966,16.909921660719824,77.66392666421712,17.076914823451236
07,MAHABUBNAGAR,0712,FAROOQNAGAR,36,36,283.15092233714,69968.11667689869,78.067930406488,16.944948084120412,78.29627324744179,17.125588636510397
07,MAHABUBNAGAR,0754,GADWAL,19,19,267.256039561009,66040.40560512696,77.71818335051205,16.089626881567504,77.93019167496331,16.32734195544559
07,MAHABUBNAGAR,0738,GHANPUR,23,23,191.378626073009,47290.68840043288,77.9805800418264,16.432279896747843,78.12757625917551,16.63084690945677
07,MAHABUBNAGAR,0757,GHATTU,24,24,338.71019681253,83697.11239017887,77.48568872922583,15.976902062224992,77.64514839880447,16.23553218760678
07,MAHABUBNAGAR,0750,GOPALPETA,20,20,245.734937292203,60722.42541939978,78.08563223499935,16.291324247248806,78.3133987965845,16.471249503090817
07,MAHABUBNAGAR,0708,HANWADA,20,20,170.695491766152,42179.77460760037,77.74225232857606,16.770304484146997,78.00567230469753,16.89250390968286
07,MAHABUBNAGAR,0758,IEEJ,19,19,284.963156027086,70415.92937416043,77.51043825877409,15.893601545921932,77.78829526185099,16.0873116522833
07,MAHABUBNAGAR,0760,ITIKYAL,21,21,295.010984666878,72898.80190311295,77.74379311374837,15.984519853918446,77.97811877559583,16.18962672925173
07,MAHABUBNAGAR,0723,JADCHERLA,30,30,326.84716776677203,80765.69407247078,78.03678234934003,16.695991209830744,78.33721806494921,16.89171540530872
07,MAHABUBNAGAR,0720,KALWAKURTHY,18,18,325.968376044006,80548.5399085865,78.35625489019826,16.496849742285022,78.56203662295596,16.75900346747149
07,MAHABUBNAGAR,0714,KESHAMPET,20,20,201.575400236467,49810.36616982871,78.25079705060878,16.866440266255193,78.40095187444537,17.094552597818446
07,MAHABUBNAGAR,0749,KODAIR,19,19,208.474146650007,51515.08353399175,78.16291309391941,16.148580868308482,78.3434352157174,16.33600197915809
07,MAHABUBNAGAR,0701,KODANGAL,19,19,228.693299333353,56511.34497075282,77.46330412003779,17.032019398164998,77.698939014246,17.178193672423415
07,MAHABUBNAGAR,0707,KOILKONDA,37,37,225.489134199702,55719.578523118194,77.66274431077919,16.69575697446954,77.92063379674508,16.887787486258663
07,MAHABUBNAGAR,0764,KOLLAPUR,28,28,601.623037391159,148664.29015397702,78.21401971760432,16.011801225340918,78.66358703043505,16.225583745729164
07,MAHABUBNAGAR,0711,KONDURG,38,38,236.871103493521,58532.12438731491,77.92266676460336,16.97851957516379,78.09706939764901,17.18837965885875
07,MAHABUBNAGAR,0703,KOSGI,24,24,190.71662717563,47127.104910365204,77.6196794220393,16.865131760428607,77.7771651403795,17.04995312565355
07,MAHABUBNAGAR,0736,KOTHAKOTA,34,34,245.699006834426,60713.5468099245,77.84133281132573,16.23459244489186,77.99237561433416,16.453485292142634
07,MAHABUBNAGAR,0713,KOTHUR,16,16,161.85966761015501,39996.39490895594,78.16227558904818,17.04825404881486,78.36929953525824,17.224939758919128
07,MAHABUBNAGAR,0747,LINGAL,18,18,202.784851771471,50109.22815275192,78.38771696582465,16.193459922705895,78.59799740440877,16.38161392849826
07,MAHABUBNAGAR,0706,MADDUR,30,30,224.13147361952701,55384.09328755112,77.56285891069436,16.783191503582735,77.74023544620304,16.960531761847612
07,MAHABUBNAGAR,0717,MADGUL,15,15,243.79980418010598,60244.2436135453,78.5734752632638,16.758052180518334,78.80222748201139,16.948101056704488
07,MAHABUBNAGAR,0731,MAGANOOR,34,34,354.090973211371,87497.78500947566,77.23689855902087,16.366302929376474,77.53849228137392,16.588029059627953
07,MAHABUBNAGAR,0725,MAHBUBNAGAR,20,20,207.56453982563102,51290.31479266918,77.8316257696931,16.648905548178252,78.08828731499429,16.876689507426125
07,MAHABUBNAGAR,0732,MAKTHAL,39,39,362.438361413473,89560.46955541059,77.44536948928247,16.34131214941798,77.65950107106418,16.597208350261965
07,MAHABUBNAGAR,0756,MALDAKAL,19,19,231.420261278168,57185.19194237278,77.62703876492567,16.016129797797117,77.79206060910258,16.212190822466823
07,MAHABUBNAGAR,0761,MANOPAD,30,30,287.197302446173,70967.99897730244,77.86613579856156,15.863030525477496,78.07150261253014,16.09403669764982
07,MAHABUBNAGAR,0721,MIDJIL,28,28,278.827922620625,68899.8801828668,78.22794152869953,16.663344077258042,78.47938316965126,16.841949550671135
07,MAHABUBNAGAR,0740,NAGARKURNOOL,25,25,228.516888672404,56467.75294708414,78.20009905685129,16.353271718632744,78.42420231521024,16.53542330298006
07,MAHABUBNAGAR,0729,NARAYANPET,26,26,243.855267034689,60257.948783384294,77.42615599522085,16.63677369100879,77.68740568337117,16.806095486627846
07,MAHABUBNAGAR,0733,NARVA,31,31,298.661563358555,73800.8795432957,77.57418155451806,16.339625320181145,77.76352772205273,16.584653234477404
07,MAHABUBNAGAR,0709,NAWABPET,27,27,223.704046338924,55278.473706328245,77.97639978596375,16.778096248514608,78.12857032854298,17.014382954950516
07,MAHABUBNAGAR,0752,PANGAL,27,27,285.317232183591,70503.42349788203,78.02820343492073,16.11323676501071,78.22703920729408,16.344164887141044
07,MAHABUBNAGAR,0753,PEBBAIR,28,29,280.283181257218,69259.4824233955,77.9148276373781,16.02765552431941,78.09521945470725,16.2707555010197
07,MAHABUBNAGAR,0748,PEDDAKOTHAPALLE,26,26,264.776461527038,65427.68852916495,78.27921685561232,16.15470082361434,78.45248997899523,16.38090982946461
07,MAHABUBNAGAR,0737,PEDDAMANDADI,15,15,186.005434844976,45962.94393233376,77.88866580883914,16.368066998740826,78.08690677073933,16.532279450029808
07,MAHABUBNAGAR,0741,TADOOR,23,23,229.56290725952098,56726.229769075435,78.26383334152239,16.497332642742585,78.44930739505598,16.676771479669874
07,MAHABUBNAGAR,0715,TALAKONDAPALLE,29,29,269.425863570376,66576.5807946782,78.31709073250336,16.790557287829834,78.49540471649813,17.016542142101418
07,MAHABUBNAGAR,0742,TELKAPALLE,20,20,238.303199014072,58886.00289721808,78.34625367850789,16.296015381014996,78.51518734497321,16.52598146595972
07,MAHABUBNAGAR,0722,THIMMAJIPET,19,19,213.028185824777,52640.411121489706,78.12906913404596,16.591303374422086,78.3364893115108,16.75395232529113
07,MAHABUBNAGAR,0743,UPPUNUNTHALA,22,22,212.877397579606,52603.15053464596,78.46950196478616,16.42781476228825,78.78103963743406,16.54023970694387
07,MAHABUBNAGAR,0730,UTKOOR,28,28,265.35506547204,65570.66467771308,77.41886245703157,16.549573862474485,77.63792067321066,16.73780103885436
07,MAHABUBNAGAR,0718,VANGOOR,23,23,401.023391078048,99095.03802959729,78.47180566699373,16.49212766284551,78.79192274401703,16.780004356873764
07,MAHABUBNAGAR,0763,VEEPANGANDLA,26,26,340.195604303401,84064.16457484473,78.03908436367428,15.944390270739815,78.2597141802,16.161588095814952
07,MAHABUBNAGAR,0719,VELDANDA,20,20,325.477083923731,80427.13898179414,78.44985421556433,16.654567794106356,78.71177048753286,16.845723071030363
07,MAHABUBNAGAR,0759,WADDEPALLE,20,20,265.154508773062,65521.10603810632,77.64421165470193,15.875484802745202,77.89398763399689,16.028805385822555
07,MAHABUBNAGAR,0751,WANAPARTHY,22,22,202.86217087575199,50128.33411950998,77.95188185375038,16.25662627114842,78.1348754644544,16.468915208790516
04,MEDAK,0407,ALLADURG,20,20,171.08970911035001,42277.187834819386,77.82839157689436,17.836769040783658,78.00614390742166,18.015398761842086
04,MEDAK,0426,ANDOLE,27,27,183.132854405455,45253.11384703081,77.94279989564345,17.758352400837886,78.11622247916212,17.921990084435674
04,MEDAK,0423,CHEGUNTA,29,29,203.492581972199,50284.11209397865,78.39898775004363,17.892230719950636,78.58754832880511,18.078486852957973
04,MEDAK,0417,CHINNAKODUR,23,23,249.108933159635,61556.1579552902,78.77609472461215,18.10148365106725,79.01418354756616,18.260883802558016
04,MEDAK,0422,DOULTABAD,32,32,230.599826039883,56982.457979847255,78.52712412904114,17.834383587232015,78.6882879076986,18.046244088270587
04,MEDAK,0414,DUBBAK,26,26,237.279862683151,58633.13098279663,78.54292971351782,18.099553226060117,78.75814312455933,18.256419526908964
04,MEDAK,0421,GAJWEL,25,25,193.099096023384,47715.82578382309,78.58375896570142,17.790566722696497,78.77751631901184,17.972195397181046
04,MEDAK,0440,HATHNOORA,34,34,200.044717142906,49432.12614008898,78.10587996472115,17.633216167737146,78.31503468489228,17.839289659154108
04,MEDAK,0420,JAGDEVPUR,28,28,212.521281775743,52515.15240308591,78.71454156291367,17.70249546410189,78.87818548207025,17.87956659803477
04,MEDAK,0429,JHARASANGAM,35,35,216.05829755616,53389.168036761235,77.61736277433944,17.66087852321351,77.80337990934503,17.83225857676492
04,MEDAK,0439,JINNARAM,29,29,217.91631766227,53848.294803855206,78.22490843018576,17.536438308374045,78.4537948094297,17.74857495313036
04,MEDAK,0403,KALHER,25,25,211.203017380189,52189.40217674795,77.70119395462844,18.050055971746037,77.93564578014227,18.20752753842042
04,MEDAK,0402,KANGTI,33,33,265.674474849571,65649.59245379207,77.56359641862778,18.097987099009245,77.74722124261022,18.285487951014343
04,MEDAK,0431,KOHIR,23,23,228.094105742339,56363.281009872626,77.59493001470908,17.508691611731543,77.7923454360812,17.707333565289197
04,MEDAK,0419,KONDAPAK,21,21,223.75199744374999,55290.32268237805,78.73060944979073,17.871897040289518,78.96145805733063,18.0596692971521
04,MEDAK,0435,KONDAPUR,23,23,152.1466214801,37596.24893978052,77.93390421463747,17.449239461738753,78.07589882299149,17.615417005580767
04,MEDAK,0425,KOWDIPALLE,35,35,228.088434730685,56361.87967237456,78.0748634651534,17.788679090931364,78.3022124886875,17.932431676036103
04,MEDAK,0410,KULCHARAM,21,21,162.922958864015,40259.13989985171,78.05724276331426,17.902964989686406,78.28954904588485,18.01868671795783
04,MEDAK,0401,MANOOR,45,45,303.5627878088,75011.99848072969,77.54788176673237,17.877997128451184,77.83231185337873,18.124611261551003
04,MEDAK,0411,MEDAK,39,39,329.767312967921,81487.27766634022,78.15178206217854,17.97346565879815,78.37140498819365,18.217228824543923
04,MEDAK,0415,MIRDODDI,17,17,161.951573590072,40019.10537118244,78.56813798370854,17.99845606309799,78.7295669309492,18.15147204098592
04,MEDAK,0445,MULUG,27,27,193.89674606127602,47912.92940071369,78.49437352780137,17.667826041630025,78.78791960547424,17.773611130130252
04,MEDAK,0432,MUNPALLE,33,33,278.13394869752597,68728.39549187115,77.71811063158937,17.614275348096207,77.94484988291228,17.93299912002483
04,MEDAK,0418,NANGNOOR,21,21,181.883847168141,44944.47743719908,78.91019467488522,18.003004870592704,79.12660465378386,18.134208320719623
04,MEDAK,0404,NARAYANKHED,36,36,220.923250281558,54591.32403579043,77.66129184623728,17.965815971254543,77.92972786390592,18.130440201840344
04,MEDAK,0441,NARSAPUR,35,35,179.772135712719,44422.66217245845,78.16344597311513,17.660307843682475,78.32867162462527,17.842584509993003
04,MEDAK,0428,NYALKAL,39,39,252.992679109451,62515.852479741035,77.50645168110441,17.743938609004008,77.70980418546671,17.953341254502874
04,MEDAK,0409,PAPANNAPET,26,26,181.806452888169,44925.35289412322,78.00018061263285,17.96080687018618,78.21124651914671,18.093532946627104
04,MEDAK,0437,PATANCHERU,26,26,220.866168911931,54577.218922174085,78.13714943751795,17.464025334063148,78.3500080438948,17.627039145245323
04,MEDAK,0433,PULKAL,30,30,232.68460731257,57497.61865151018,77.90263124560973,17.649492150014364,78.15331207589054,17.812299272798217
04,MEDAK,0427,RAIKODE,37,37,171.898224966363,42476.97645384173,77.66499484643727,17.765526195308766,77.87543166394042,17.91916984850371
04,MEDAK,0413,RAMAYAMPET,24,24,236.42912489962,58422.909098268676,78.30444975507625,18.024974460868876,78.58039784647369,18.203112255102884
04,MEDAK,0438,RAMCHANDRAPURAM,10,10,74.168887958119,18327.531351886442,78.21337567813165,17.428067841719436,78.31754856026942,17.526901403889934
04,MEDAK,0405,REGODE,25,25,123.530059402025,30524.942451198982,77.79394304067826,17.822691537404012,77.9510582033773,18.022053293168675
04,MEDAK,0434,SADASIVPET,32,34,259.01559306190103,64004.14692950511,77.85721683591494,17.56153524382932,78.088921471519,17.74472094889528
04,MEDAK,0436,SANGAREDDY,30,31,213.753442185212,52819.62587109648,78.04191205094693,17.483126858370547,78.23059384116547,17.669059103180913
04,MEDAK,0412,SHANKARAMPET (R),20,20,159.041399550307,39299.985704950464,78.32088260224478,17.909729310749075,78.45897531376096,18.094490710645594
04,MEDAK,0406,SHANKARAMPET[A],26,26,147.88778378423,36543.867226335824,77.85251976702696,17.983014170522075,78.01040237637535,18.115560708919777
04,MEDAK,0442,SHIVAMPET,27,27,203.93630661252502,50393.75884049278,78.29415039083712,17.701001132700565,78.45030863722586,17.883806562296478
04,MEDAK,0416,SIDDIPET,25,25,268.29677340032697,66297.57653749741,78.71717843775718,18.03832380828034,78.92532421584025,18.262623382909645
04,MEDAK,0408,TEKMAL,20,20,150.346751821058,37151.49146109177,77.96835506439996,17.870637456496148,78.09767015577918,18.069931269946125
04,MEDAK,0415,THOGUTA,1,1,19.128211847991,4726.684085482568,78.7140157369463,18.04594145471763,78.75974373244568,18.105697788571387
04,MEDAK,0446,THOGUTA,15,15,165.636302946424,40929.62182438706,78.6420421126329,17.935498321436175,78.81964538091486,18.069906676052977
04,MEDAK,0443,TUPRAN,35,35,189.88797325799501,46922.34006794375,78.42294300697043,17.68818779247556,78.56234399488858,17.8969928413501
04,MEDAK,0444,WARGAL,24,24,165.990500078215,41017.145841752856,78.51512158118423,17.738942578254548,78.71781205912994,17.845346847206873
04,MEDAK,0424,YELDURTHY,22,22,208.031852555498,51405.79028304743,78.2507659016216,17.845337203140677,78.48244242453694,17.98575624189481
04,MEDAK,0430,ZAHIRABAD,39,40,398.552299184634,98484.41792463479,77.4431083880763,17.54237761184876,77.71000833358768,17.7480228747122
08,NALGONDA,0805,ALAIR,14,14,187.301569450256,46283.22576840427,78.99232342861535,17.545660194001012,79.16738659624575,17.726180448641525
08,NALGONDA,0851,ANUMULA,27,27,289.12492626443,71444.32519623803,79.19739859568931,16.655499509062935,79.4354431041867,16.921685631237363
08,NALGONDA,0814,ATMAKUR (M),21,21,247.154827239134,61073.28786637755,79.0339041183835,17.353962784868312,79.25582780977507,17.562320629919153
08,NALGONDA,0810,ATMAKUR (S),20,20,209.683667704385,51813.96269552639,79.59598162102235,17.176250149653576,79.81507710231772,17.315989023760746
08,NALGONDA,0816,BHONGIR,30,30,267.992162785589,66222.30561534363,78.81730079785457,17.36900519780905,79.04669708753774,17.584584646154276
08,NALGONDA,0817,BIBINAGAR,25,25,181.675235162993,44892.928288088355,78.7055557774697,17.38397199996868,78.92505743889319,17.534231662519396
08,NALGONDA,0801,BOMMALARAMARAM,24,24,165.647459985752,40932.378788846254,78.67996829435093,17.504171387191413,78.85104462250499,17.653176426770035
08,NALGONDA,0859,CHANDAM PET,24,25,556.768839697125,137580.5765223891,78.84656835131281,16.356960410148368,79.23347039972847,16.653666807316252
08,NALGONDA,0838,CHANDUR,17,17,195.140177102019,48220.18790236461,78.90236448376754,16.921225972727846,79.11321184497444,17.095322304416623
08,NALGONDA,0844,CHILKUR,4,4,130.846487578449,32332.87122671135,79.76664251309,16.908363875709064,79.92976289248888,17.02715764350231
08,NALGONDA,0856,CHINTHA PALLE,22,22,301.115484144839,74407.25657528061,78.69589310513238,16.73675096125115,78.93213147465177,16.97404646131409
08,NALGONDA,0821,CHITYALA,16,16,259.927424978856,64229.46550317821,78.96433135704031,17.13082842727223,79.19379385232966,17.291993647290063
08,NALGONDA,0827,CHIVVEMLA,15,15,148.263352820599,36636.67235633504,79.61011183615172,17.060602026002208,79.76786271015678,17.2102608389536
08,NALGONDA,0819,CHOUTUPPAL,17,17,294.306442679,72724.70578643872,78.7411071283412,17.185158334472177,79.01707755033429,17.347905753082177
08,NALGONDA,0850,DAMERACHERLA,18,18,319.230918093413,78883.67779158623,79.43975118103572,16.62222402966673,79.69668024439534,16.81997661125808
08,NALGONDA,0857,DEVARAKONDA,29,29,388.819028950527,96079.27447051277,78.75677798262168,16.597920805085437,79.07598047972658,16.786221603901595
08,NALGONDA,0843,GARIDEPALLE,11,11,182.357379799994,45061.48989883027,79.68787857930239,16.804475094379033,79.82664983400629,16.99563044435689
08,NALGONDA,0806,GUNDALA,20,20,194.159625035279,47977.8882098644,79.13950942465962,17.45389619642821,79.37658588391147,17.623956243812145
08,NALGONDA,0858,GUNDLA PALLE,22,22,281.167956012998,69478.11502693503,78.61130343460937,16.514907359883527,78.85774178648757,16.72108515555269
08,NALGONDA,0854,GURRAMPODE,27,27,302.345275998269,74711.14476034764,78.99449829797238,16.750879216770155,79.21207021400352,16.940551477585288
08,NALGONDA,0847,HUZURNAGAR,7,7,87.602780657355,21647.118531920118,79.78604067475604,16.820188275774964,79.91242073338027,16.951196111435397
08,NALGONDA,0811,JAJIREDDI GUDEM,15,15,202.276739036618,49983.67076157775,79.41144726754513,17.262033172965513,79.63705590068666,17.418846867482255
08,NALGONDA,0839,KANGAL,26,26,228.71403284905801,56516.46833406026,79.09093662188153,16.868956885411915,79.34851885067283,17.029174282396777
08,NALGONDA,0823,KATTANGOOR,18,18,182.609078417794,45123.685981796494,79.2483311474152,17.120747611413464,79.39507921951348,17.29070005330542
08,NALGONDA,0825,KETHEPALLE,13,13,148.740433837317,36754.56164296188,79.44003788856338,17.071275966741684,79.59212656602877,17.262961355015925
08,NALGONDA,0845,KODAD,17,17,246.356376767859,60875.986458090505,79.88118397371396,16.87936774018899,80.06187076552706,17.082482269589015
08,NALGONDA,0802,M.TURKAPALLE,22,22,222.718172770135,55034.859042034244,78.71270443358975,17.56590481978015,78.90827738412955,17.75312750528604
08,NALGONDA,0837,MARRIGUDA,17,17,216.056431571943,53388.70694201948,78.75333212141881,16.9131599980815,78.97176914153702,17.073292743177472
08,NALGONDA,0848,MATTAM PALLE,11,11,204.57710775609002,50552.10425151801,79.75137468022601,16.672197972899543,79.93019802756653,16.854108495410035
08,NALGONDA,0846,MELLA CHERUVU,14,14,397.70871862917403,98275.96462967957,79.84830963470807,16.63128431134974,80.07294608588796,16.90119764129885
08,NALGONDA,0842,MIRYALAGUDA,24,24,229.021583436508,56592.465739292544,79.47910035643034,16.76989229804275,79.66233858883193,17.00745461368457
08,NALGONDA,0828,MOTHEY,17,17,206.05748603864402,50917.91369174422,79.71553843557655,17.099154392013162,79.90201972332295,17.28416509940567
08,NALGONDA,0813,MOTHKUR,23,23,274.700738821606,67880.0308558251,79.17585552840896,17.34583073525991,79.45385736154093,17.48886884386064
08,NALGONDA,0830,MUNAGALA,11,11,145.21687735975001,35883.87187545159,79.70880795588688,16.97194172080899,79.92099760210105,17.18238552271152
08,NALGONDA,0835,MUNUGODE,22,22,271.526951648066,67095.77096561191,78.93331330761507,16.99774797869967,79.17090382010977,17.185676265635678
08,NALGONDA,0829,NADIGUDEM,16,16,188.269019879023,46522.287975655316,79.8147914366543,17.01247503084886,79.99199932388379,17.17699559296891
08,NALGONDA,0824,NAKREKAL,16,16,138.658915200869,34263.364134534066,79.36420206361836,17.073866948544545,79.49445496561232,17.264168274759708
08,NALGONDA,0834,NALGONDA,31,31,308.01509905354703,76112.18854927344,79.11230282615558,16.94734280565085,79.35090703169158,17.153917196676655
08,NALGONDA,0855,NAMPALLE,29,29,259.018038825887,64004.75129094785,78.86526647112024,16.763049130375023,79.05507849958546,16.985013252533943
08,NALGONDA,0836,NARAYANAPUR,15,15,252.01894174652,62275.23673722515,78.77367447063558,17.044162222248694,79.00033788572333,17.21625298605492
08,NALGONDA,0822,NARKETPALLE,19,19,225.05466601836798,55612.21909743432,79.13889079712982,17.116975295684977,79.31424396059982,17.362197683102526
08,NALGONDA,0849,NEREDCHERLA,27,27,260.161523064931,64287.31240003851,79.61042657708653,16.68976458219596,79.78643561361982,16.98412754721422
08,NALGONDA,0840,NIDAMANUR,19,19,279.737526877451,69124.64828973394,79.28488938163612,16.715177947160754,79.47424894938514,16.979610849121578
08,NALGONDA,0809,NUTHANKAL,22,22,209.369145901009,51736.24266532342,79.62635417694771,17.282336081121876,79.81908276984687,17.439977992509384
08,NALGONDA,0853,PEDDA ADISERLA PALLE,24,25,472.640483144409,116792.00688422451,79.003267730636,16.471927771663843,79.26546718475139,16.802675764765276
08,NALGONDA,0852,PEDDAVOORA,31,32,453.027043143669,111945.4203109583,79.15308618975479,16.561098721090072,79.51384615476198,16.837917786607637
08,NALGONDA,0831,PENPAHAD,17,17,179.496468918229,44354.54342404816,79.5924466473377,16.957115971846918,79.80780516469967,17.087814928982535
08,NALGONDA,0818,POCHAMPALLE,23,23,196.8953099504,48653.890674389346,78.7061326412697,17.28689124598091,78.92843849070752,17.41616860381949
08,NALGONDA,0803,RAJAPET,18,19,184.61339600615,45618.963644048556,78.85833938128462,17.653307683710004,79.02210021911763,17.813008008199862
08,NALGONDA,0820,RAMANNAPETA,21,21,212.61600714054,52538.55955048869,79.00842691342459,17.246882898547494,79.25901525937076,17.373477302157504
08,NALGONDA,0812,SALI GOURARAM,20,20,222.383722042126,54952.21446730761,79.28901069437254,17.21143642544361,79.497572346083,17.362000967888708
08,NALGONDA,0826,SURYAPET,19,19,211.158633596296,52178.434704898114,79.49121029929502,17.05667581289794,79.66064447201,17.286630130863788
08,NALGONDA,0833,THIPPARTHI,19,19,274.91430647373903,67932.80457197448,79.30299182520136,16.92408950328399,79.50319810799213,17.128843266163592
08,NALGONDA,0807,THIRUMALGIRI,16,16,180.925021957462,44707.54656775391,79.360083041576,17.405247086130483,79.58650145294722,17.527423501521955
08,NALGONDA,0841,THRIPURARAM,20,20,185.88290463609502,45932.66605832697,79.39545435458805,16.720111551453755,79.55669684017272,16.955370645435742
08,NALGONDA,0808,THUNGATHURTHI,20,20,211.047988853271,52151.09379346559,79.50924862572869,17.33757374638146,79.72936984232763,17.529538775372853
08,NALGONDA,0815,VALIGONDA,28,28,291.810118664528,72107.85068857697,78.9188234012714,17.31642792523225,79.19118913690181,17.48037121455645
08,NALGONDA,0832,VEMULAPALLE,23,23,198.43575353873,49034.54257491228,79.46299071062217,16.89365009342946,79.6131265466476,17.094982850802168
08,NALGONDA,0804,YADAGIRIGUTTA,17,17,246.971067403368,61027.87982206225,78.8646177202794,17.503339600833883,79.1194115872113,17.69221126882725
02,NIZAMABAD,0204,ARMUR,24,24,214.451859049297,52992.20843671931,78.16953176402407,18.740352046434214,78.35248877103825,18.9269784773545
02,NIZAMABAD,0205,BALKONDA,27,27,224.05629295308998,55365.515740292256,78.28086463241915,18.818898820951226,78.45758214297966,19.003994699056292
02,NIZAMABAD,0227,BANSWADA,19,19,143.070859713251,35353.57936627819,77.83217248037991,18.316607165236782,78.03863033880306,18.447132999216503
02,NIZAMABAD,0208,BHEEMGAL,24,24,206.704704581926,51077.84487677454,78.35884935808822,18.61536363061687,78.59321795724026,18.75631762754008
02,NIZAMABAD,0235,BHIKNOOR,19,19,188.265119148184,46521.32408407334,78.29487285082877,18.12092252630789,78.50118254826008,18.273320024071264
02,NIZAMABAD,0218,BICHKUNDA,38,38,259.29918314054703,64074.22356406923,77.6562836272162,18.234056151663875,77.83218261500902,18.48962662582605
02,NIZAMABAD,0219,BIRKOOR,31,31,184.846464504682,45676.55612428628,77.75539860157559,18.374112506269476,77.97482199582896,18.508027355243918
02,NIZAMABAD,0214,BODHAN,44,44,278.349182273344,68781.58086672821,77.73038771551012,18.572359649641225,77.9603968606496,18.8124367971908
02,NIZAMABAD,0222,DHARPALLE,15,15,234.002265419475,57823.21906066024,78.2531291784084,18.451150819003292,78.40705026542429,18.675637543576155
02,NIZAMABAD,0221,DICHPALLE,20,20,232.498107340925,57451.53350487322,78.13457356793734,18.483195784369748,78.32176995511045,18.67585896596036
02,NIZAMABAD,0236,DOMAKONDA,21,21,151.519056131223,37441.174164850694,78.37314865108588,18.166083559572183,78.56926486881386,18.292477764036118
02,NIZAMABAD,0226,GANDHARI,37,37,352.635276758433,87138.074582172,77.9459557130536,18.30741935131319,78.21057946441034,18.50898918529725
02,NIZAMABAD,0210,JAKRANPALLE,15,15,143.29646358035,35409.32729591815,78.20007944033713,18.65245086778874,78.36462133144063,18.773423314480453
02,NIZAMABAD,0217,JUKKAL,35,35,239.058512995875,59072.645046818994,77.52065387321555,18.27279038166301,77.72499902311652,18.448518004130854
02,NIZAMABAD,0234,KAMAREDDY,22,22,120.406012159925,29752.973565718414,78.28319632750568,18.251421676137813,78.42769761316762,18.39368765710455
02,NIZAMABAD,0207,KAMMARPALLE,18,18,252.994294692348,62516.25169896909,78.47445036305548,18.47972318525795,78.66998852237901,18.895667833953702
02,NIZAMABAD,0215,KOTGIRI,39,39,192.102521805175,47469.56693147222,77.73589432460206,18.497405980173472,77.88656457488632,18.665904475774575
02,NIZAMABAD,0232,LINGAMPET,23,23,252.567726257018,62410.84434303502,78.03049480853213,18.1287021786893,78.21514883300256,18.36494865365773
02,NIZAMABAD,0224,MACHAREDDY,24,24,316.261700209708,78149.96807377417,78.37645481848814,18.259261781058377,78.56468787918777,18.483460897757045
02,NIZAMABAD,0216,MADNOOR,42,42,227.779239825056,56285.4759472714,77.54830319133045,18.385694391338347,77.76190402139476,18.5566935752341
02,NIZAMABAD,0211,MAKLOOR,22,22,185.868658813259,45929.14583884077,78.05879853639996,18.66321445664149,78.22689595299656,18.851683736426267
02,NIZAMABAD,0206,MORTAD,17,17,202.383564809674,50010.06798497927,78.39600009697298,18.750145392077346,78.53646509033435,18.97390993355698
02,NIZAMABAD,0231,NAGAREDDIPET,23,23,155.067896118075,38318.11162356769,77.965496297072,18.05982815794737,78.18093268041913,18.20036400301713
02,NIZAMABAD,0203,NANDIPET,33,33,311.367406826371,76940.56184027246,78.06337813521702,18.80528702164396,78.28205811903757,19.016253817940317
02,NIZAMABAD,0202,NAVIPET,33,33,195.873167475531,48401.31376822305,77.94388809657987,18.71983017207075,78.08891760893573,18.942717634976365
02,NIZAMABAD,0212,NIZAMABAD,38,38,384.50753993426,95013.88233245662,77.98594959880445,18.477610598928216,78.19022892331138,18.789543250320158
02,NIZAMABAD,0229,NIZAMSAGAR,31,31,257.638331292327,63663.818134554385,77.85400111296782,18.092305716574085,78.00926504143528,18.380159566561545
02,NIZAMABAD,0228,PITLAM,28,28,184.79128703132199,45662.921473683266,77.72839852898736,18.188009633508436,77.8919617879733,18.37976500284814
02,NIZAMABAD,0201,RANJAL,10,10,114.023756544116,28175.883857152974,77.86173819416,18.703762055442112,78.00887613587707,18.82792072433797
02,NIZAMABAD,0225,SADASIVANAGAR,28,28,247.043302916375,61045.72960605932,78.16605438714626,18.34286055800314,78.41067705700893,18.49994699876784
02,NIZAMABAD,0223,SIRKONDA,22,22,376.864935555463,93125.35366203137,78.34585792395677,18.43841916761134,78.63384169259777,18.655496964900994
02,NIZAMABAD,0233,TADWAI,24,24,257.21605845198997,63559.47224325968,78.15726011100034,18.140398475936927,78.31659169438737,18.381725294585443
02,NIZAMABAD,0220,VARNI,28,28,264.133543512556,65268.82002794426,77.8475158189277,18.4362448483845,78.04823056529379,18.637597511591235
02,NIZAMABAD,0209,VELPUR,16,16,117.254834072669,28974.300502396047,78.33506589067476,18.695299279381267,78.43676106981385,18.854329364380572
02,NIZAMABAD,0213,YEDPALLE,12,12,97.626853686564,24124.120921657533,77.92288287939391,18.619324175305817,78.04316452840601,18.727462740866184
02,NIZAMABAD,0230,YELLAREDDY,31,31,187.144295714652,46244.36258197307,77.9585465212589,18.116271128139623,78.09848608144674,18.325325035553586
05,RANGAREDDY,0506,BALANAGAR,16,16,62.737930682474996,15502.88029375356,78.37115050842881,17.445490370312115,78.5011425615236,17.514600886682913
05,RANGAREDDY,0521,BANTWARAM,30,30,169.286340662642,41831.565786622654,77.61335921373727,17.37133036081178,77.85590874962918,17.507200364596034
05,RANGAREDDY,0524,BASHEERABAD,31,31,204.555367081393,50546.73201380365,77.36282536475517,17.106654657955534,77.54383124476313,17.271905995673503
05,RANGAREDDY,0518,CHEVELLA,36,36,275.81341884375,68154.98007714789,78.0089045957229,17.23077027619055,78.22187115090787,17.412731314942153
05,RANGAREDDY,0520,DHARUR,41,41,229.118502195445,56616.41488619099,77.69754332403335,17.218290744996796,77.90091872801473,17.381128098678623
05,RANGAREDDY,0526,DOMA,31,31,164.136646928071,40559.04875190242,77.75092743763473,16.996125109237507,77.91987671879826,17.145530748039988
05,RANGAREDDY,0527,GANDEED,29,29,211.18794140321899,52185.67682170779,77.72994801845776,16.845606113497613,77.9400880238509,16.998817519266584
05,RANGAREDDY,0512,GHATKESAR,25,25,166.966180732533,41258.241782028235,78.56006259718909,17.379964814145712,78.76003434815371,17.490751102947723
05,RANGAREDDY,0514,HAYATHNAGAR,40,40,275.072915960337,67971.99782966459,78.55735475453446,17.237200314645616,78.76201890775155,17.404650319377556
05,RANGAREDDY,0534,IBRAHIMPATNAM,28,28,257.3117528787,63583.11885107614,78.4975444284416,17.088147390188425,78.8203069746023,17.269974114618257
05,RANGAREDDY,0537,KANDUKUR,30,30,291.409518091354,72008.86013112684,78.37805730219739,16.985021738623487,78.61314847332855,17.180203671735217
05,RANGAREDDY,0511,KEESARA,16,16,152.842205264541,37768.13143617719,78.54124851047547,17.451676927267947,78.71229821632701,17.58091612955521
05,RANGAREDDY,0528,KULKACHARLA,33,33,287.4314155897,71025.84959494015,77.79512213863983,16.84792137641543,78.01214924219528,17.108502899116427
05,RANGAREDDY,0533,MAHESWARAM,33,33,261.716202396161,64671.48202924121,78.29736877810477,17.041751481790534,78.56840044122073,17.23757149028029
05,RANGAREDDY,0510,MALKAJGIRI,13,14,73.820083311773,18241.339846693594,78.48094472331351,17.428292170976142,78.57675916385182,17.553965991634243
05,RANGAREDDY,0535,MANCHAL,25,25,251.13937948370702,62057.892168748614,78.64102871922343,17.005418714388153,78.84415636118645,17.207428800615542
05,RANGAREDDY,0501,MARPALLE,30,30,225.57147999436398,55739.92661212037,77.68659774565698,17.450338005652178,77.87659131630043,17.639722294286017
05,RANGAREDDY,0508,MEDCHAL,29,29,197.20783118659799,48731.11635367664,78.38098719891308,17.550478299723252,78.6029879512069,17.708685086696104
05,RANGAREDDY,0517,MOINABAD,27,27,209.006462847655,51646.62173107271,78.18113893383801,17.242614118970184,78.3730659169819,17.399800819318454
05,RANGAREDDY,0502,MOMINPET,28,28,183.272779308381,45287.690043545095,77.80160357563071,17.43961980634543,78.02038114385951,17.582235118157392
05,RANGAREDDY,0503,NAWABPET,22,22,166.364847653872,41109.649142236885,77.87646509613134,17.357480879881688,78.08095006572776,17.47265602602091
05,RANGAREDDY,0529,PARGI,42,42,237.109419692807,58591.01360264928,77.76444215367256,17.076166414747583,77.99550216636165,17.25482137762234
05,RANGAREDDY,0522,PEDDEMUL,37,37,268.677722218749,66391.71104059306,77.5129870984726,17.264003925278196,77.76881857442284,17.45690703786525
05,RANGAREDDY,0530,PUDUR,37,37,218.370818371314,53960.60437494062,77.89133723366682,17.133112803647983,78.06063893771581,17.32827314473079
05,RANGAREDDY,0507,QUTUBULLAPUR,18,18,139.241619232495,34407.353436551464,78.34104304122367,17.482856185304954,78.50247594246677,17.639853255360332
05,RANGAREDDY,0516,RAJENDRANAGAR,41,41,164.822533844298,40728.53509998003,78.24298624721636,17.26797368679234,78.465472506402,17.436791911504724
05,RANGAREDDY,0515,SAROORNAGAR,29,29,163.767756729749,40467.89399872656,78.41350505004584,17.22753449038524,78.60221558693718,17.380896381061127
05,RANGAREDDY,0505,SERILINGAMPALLY,23,23,98.067167328083,24232.924792010283,78.2889268760143,17.40946105684902,78.4066333524011,17.5200712321728
05,RANGAREDDY,0531,SHABAD,25,25,229.389818295307,56683.45855454558,78.04883786840735,17.088003179070757,78.25882099432957,17.263412602678937
05,RANGAREDDY,0509,SHAMIRPET,30,30,240.489749776734,59426.311357522995,78.49347909043028,17.508252150372858,78.72408368845221,17.698939295653272
05,RANGAREDDY,0532,SHAMSHABAD,43,43,191.441911940329,47306.32667881847,78.23281295132641,17.16090863993716,78.43847329745047,17.30319917440418
05,RANGAREDDY,0504,SHANKARPALLE,26,26,210.901165249163,52114.81289076409,78.03385708521326,17.36385331938845,78.2861615366443,17.51900250844016
05,RANGAREDDY,0523,TANDUR,39,39,234.802164425781,58020.87840974869,77.43763550594706,17.209476964255582,77.66777223707864,17.40864364805991
05,RANGAREDDY,0513,UPPAL,15,15,50.474568435191,12472.537487568414,78.51813527684926,17.36431618088022,78.60165632565186,17.472682474024786
05,RANGAREDDY,0519,VICARABAD,40,40,231.946364710937,57315.19493181835,77.79064016422284,17.22722286910238,78.0176553018068,17.446312897812703
05,RANGAREDDY,0536,YACHARAM,20,20,309.708488280003,76530.63414004924,78.53823258144809,16.932564173827,78.82496414949034,17.131353893509303
05,RANGAREDDY,0525,YELAL,36,36,201.033523632776,49676.46554496551,77.5225429678961,17.13140299600798,77.7517454560903,17.285524458125458
09,WARANGAL,0937,ATMAKUR,22,22,186.142235364085,45996.7480767931,79.59112247386682,17.997489551383268,79.82827710879823,18.138569149575396
09,WARANGAL,0904,BACHANNAPET,23,23,215.51244018046302,53254.28374171296,78.86585920296912,17.70851693699534,79.09882117090878,17.875687197573335
09,WARANGAL,0943,BHUPALPALLE,24,24,350.202975330919,86537.03981008304,79.7213473859883,18.331285407421387,80.13077748594554,18.520212509129813
09,WARANGAL,0931,CHENNARAOPET,16,16,144.768956529909,35773.18822792664,79.78169433381937,17.765650732412638,79.93700776308584,17.933236647702124
09,WARANGAL,0901,CHERIAL,23,23,269.244802773944,66531.83969750712,78.82731949559148,17.82552054500873,79.04910793204634,18.036126535828497
09,WARANGAL,0942,CHITYAL,33,33,323.225046948479,79870.64852594632,79.56737036226853,18.29288843950168,79.80301927710647,18.494107999686864
09,WARANGAL,0915,DEVARUPPULA,13,13,182.128292708499,45004.881245697194,79.21221287118298,17.510581517423574,79.3993352905284,17.679622515509184
09,WARANGAL,0909,DHARMASAGAR,19,19,255.12188605398,63041.990973991415,79.26084969718028,17.879490325318326,79.49854437036119,18.064110443871954
09,WARANGAL,0922,DORNAKAL,13,13,151.384732407784,37407.982049930215,80.00425940322872,17.345731692602897,80.16993563025349,17.496811792585728
09,WARANGAL,0935,DUGGONDI,18,18,117.078404600252,28930.703830312395,79.745600636175,17.90863658253938,79.86668784649297,18.08129551263622
09,WARANGAL,0949,ETURNAGARAM,65,65,732.3852067102131,180976.3258850359,80.21606987693355,18.188576724194057,80.4914285069868,18.609772651058222
09,WARANGAL,0936,GEESUGONDA,18,18,146.384768972202,36172.46417785884,79.61876710121717,17.897022430818367,79.78969588814728,18.02470352146128
09,WARANGAL,0944,GHANPUR (MULUG),9,9,128.402888304859,31729.04469605801,79.80875335466126,18.261412840210596,79.95136698929451,18.40178132942898
09,WARANGAL,0908,GHANPUR (STATION),26,26,332.5199110212,82167.45945832151,79.20372614014808,17.721600787093735,79.45004788708452,17.993898507849195
09,WARANGAL,0947,GOVINDARAOPET,17,17,324.15596337349,80100.68298426272,79.99301086188181,18.120270830002035,80.27133223277414,18.297595223540686
09,WARANGAL,0927,GUDUR,31,31,341.855122826612,84474.24053257461,79.87587258365662,17.686173185120648,80.16287264686665,17.87490076147166
09,WARANGAL,0911,HANAMKONDA,21,23,228.95642137549498,56576.36384334874,79.43612516096628,17.878183692062358,79.66862186561141,18.05151961437847
09,WARANGAL,0910,HASANPARTHY,18,18,160.297074207382,39610.26967008564,79.44147525701688,17.98913109903017,79.62884307254784,18.142594693266787
09,WARANGAL,0905,JANGAON,19,19,205.410157423942,50757.95530747367,79.06078318482282,17.668436100656905,79.22399287722894,17.846156158231924
09,WARANGAL,0925,KESAMUDRAM,23,23,230.897083745469,57055.91195858014,79.74117453424023,17.58697023759577,79.99885970469435,17.748803616530832
09,WARANGAL,0929,KHANAPUR,14,14,123.031836428029,30401.828873153994,79.88448312741053,17.833096152532832,80.00644640282825,18.0196067094418
09,WARANGAL,0916,KODAKANDLA,16,16,197.794144081595,48875.997425254,79.38251334327799,17.49431668673729,79.60109850663738,17.642859266264015
09,WARANGAL,0928,KOTHAGUDEM,70,70,873.007074539391,215724.74617759025,79.96128947311914,17.708623825560345,80.31600956699884,18.107571702205004
09,WARANGAL,0923,KURAVI,20,20,253.494746969407,62639.91614979787,79.87343429920654,17.361692715689962,80.09840894006241,17.585913792113132
09,WARANGAL,0906,LINGALAGHANPUR,14,14,181.66041053456001,44889.265042624305,79.12959181949755,17.57625430807652,79.31880072047649,17.719443209712715
09,WARANGAL,0902,MADDUR,21,21,183.59404651360998,45367.07689884609,78.97816862729945,17.863269740332257,79.1534831647148,18.03279292183648
09,WARANGAL,0924,MAHABUBABAD,23,23,231.769438722289,57271.47556790202,79.84430409700897,17.50422710036292,80.0911193164872,17.711990653126147
09,WARANGAL,0950,MANGAPET,25,25,319.734274656997,79008.05990724465,80.40693702625708,18.07929255473716,80.66655844632564,18.28249858335852
09,WARANGAL,0921,MARIPEDA,23,23,272.501239802665,67336.52281171303,79.76074729706909,17.3217713345671,79.97690381916037,17.528333140727316
09,WARANGAL,0941,MOGULLAPALLE,19,19,123.411397929373,30495.620562733853,79.55936603430342,18.251709179773766,79.68586961063804,18.394062531588254
09,WARANGAL,0945,MULUG,22,22,372.792864497721,92119.12298994663,79.8175361447839,18.06910722346408,80.14515137245415,18.261412840210596
09,WARANGAL,0934,NALLABELLY,20,20,179.906764367917,44455.92963765756,79.80964746202417,17.98849498255754,80.04192528223466,18.116140190073423
09,WARANGAL,0903,NARMETTA,16,16,206.10196854039,50928.90555730678,79.08875781159075,17.814138998695086,79.24696446012297,18.000415296559115
09,WARANGAL,0930,NARSAMPET,13,13,114.922067384585,28397.861300063156,79.80648916097488,17.88159018769359,79.95214013339675,18.017304488710558
09,WARANGAL,0920,NARSIMHULAPET,20,20,206.59996265011,51051.962581757536,79.65529647143292,17.42850243882729,79.88719738480818,17.559162282807037
09,WARANGAL,0926,NEKKONDA,18,18,169.481827896994,41879.87173423916,79.74497073816065,17.69492480934974,79.91897394370417,17.879601961695496
09,WARANGAL,0919,NELLIKUDUR,20,20,207.334572442994,51233.488614857655,79.69715175825041,17.527621968464356,79.92034693040635,17.696251081252605
09,WARANGAL,0914,PALAKURTHI,21,21,258.577200238222,63895.81770357744,79.34297786947664,17.561143384063488,79.54008568462574,17.75910249458445
09,WARANGAL,0939,PARKAL,23,23,178.024309051679,43990.76479864367,79.57760686359917,18.13155547067604,79.73981242228194,18.27253747422946
09,WARANGAL,0932,PARVATHAGIRI,13,13,160.46978011854,39652.94623014397,79.64593520787287,17.684273209918153,79.78216892008349,17.845443294189902
09,WARANGAL,0907,RAGHUNATHPALLE,20,20,249.033427041109,61537.499987068724,79.17270320815518,17.671608773905373,79.37669056047535,17.860470277330162
09,WARANGAL,0917,RAIPARTHY,18,18,212.446354574638,52496.63748847459,79.48068059743952,17.617769826921208,79.70042183800199,17.761086607040685
09,WARANGAL,0940,REGONDA,21,21,237.79915611798,58761.45118510345,79.67835305107276,18.132075526659705,79.87181465669757,18.348408319836132
09,WARANGAL,0933,SANGAM,19,19,167.39137444873,41363.30943746654,79.59531131952097,17.81912278843197,79.79447865105864,17.945703346245992
09,WARANGAL,0938,SHAYAMPET,13,13,116.688550674185,28834.368827195136,79.65973552904012,18.091401068166807,79.84285625363815,18.190816948815538
09,WARANGAL,0948,TADVAI,78,78,863.471648181551,213368.49100998414,80.10474058247443,17.995707717882862,80.47894147038585,18.394388266740705
09,WARANGAL,0918,THORRUR,25,25,221.194108846929,54658.25464491008,79.57985273374283,17.487135435158862,79.73896776224692,17.685957758662806
09,WARANGAL,0946,VENKATAPUR,18,18,418.755876641028,103476.83063899845,79.86424128960923,18.20211754758964,80.1796986093528,18.42222918893658
09,WARANGAL,0951,WARANGAL (FULLY URBAN),9,9,33.492703346096,8276.227236703657,79.56682005573768,17.927121798272008,79.63941077566456,18.010868303298285
09,WARANGAL,0912,WARDHANNAPET,18,18,248.60084502985902,61430.60664416296,79.48067097844387,17.702880923696892,79.66668916889954,17.90828514455236
09,WARANGAL,0913,ZAFFERGADH,18,18,200.622167916866,49574.81733386687,79.40313296607083,17.699183912793554,79.53643475082268,17.90911865804912
